<?xml version="1.0" encoding="UTF-8" standalone="no" ?>
<COLLADA xmlns="http://www.collada.org/2005/11/COLLADASchema" version="1.4.1">
  <asset>
    <contributor>
      <author>Assimp</author>
      <authoring_tool>THREE.GLTFExporter r184</authoring_tool>
    </contributor>
    <created>2026-08-05T00:22:08</created>
    <modified>2026-08-05T00:22:08</modified>
    <unit name="meter" meter="1" />
    <up_axis>Y_UP</up_axis>
  </asset>
  <library_images>
    <image id="lambert2-diffuse-image">
      <init_from>result_texture_0001.jpg</init_from>
    </image>
  </library_images>
  <library_effects>
    <effect id="lambert2-fx" name="lambert2">
      <profile_COMMON>
        <newparam sid="lambert2-diffuse-surface">
          <surface type="2D">
            <init_from>lambert2-diffuse-image</init_from>
          </surface>
        </newparam>
        <newparam sid="lambert2-diffuse-sampler">
          <sampler2D>
            <source>lambert2-diffuse-surface</source>
          </sampler2D>
        </newparam>
        <technique sid="standard">
          <phong>
            <emission>
              <color sid="emission">0   0   0   1</color>
            </emission>
            <diffuse>
              <texture texture="lambert2-diffuse-sampler" texcoord="CHANNEL0" />
            </diffuse>
            <shininess>
              <float sid="shininess">1000</float>
            </shininess>
            <transparency>
              <float sid="transparency">1</float>
            </transparency>
          </phong>
        </technique>
      </profile_COMMON>
    </effect>
    <effect id="phongE1-fx" name="phongE1">
      <profile_COMMON>
        <technique sid="standard">
          <phong>
            <emission>
              <color sid="emission">0   0   0   1</color>
            </emission>
            <diffuse>
              <color sid="diffuse">0.74879998   0.74879998   0.619257987   1</color>
            </diffuse>
            <shininess>
              <float sid="shininess">186.790771</float>
            </shininess>
            <transparency>
              <float sid="transparency">1</float>
            </transparency>
          </phong>
        </technique>
      </profile_COMMON>
    </effect>
    <effect id="material_2-fx" name="">
      <profile_COMMON>
        <technique sid="standard">
          <phong>
            <emission>
              <color sid="emission">0   0   0   1</color>
            </emission>
            <diffuse>
              <color sid="diffuse">1   1   1   1</color>
            </diffuse>
            <shininess>
              <float sid="shininess">0</float>
            </shininess>
            <transparency>
              <float sid="transparency">1</float>
            </transparency>
          </phong>
        </technique>
      </profile_COMMON>
    </effect>
  </library_effects>
  <library_materials>
    <material id="lambert2" name="lambert2">
      <instance_effect url="#lambert2-fx"/>
    </material>
    <material id="phongE1" name="phongE1">
      <instance_effect url="#phongE1-fx"/>
    </material>
    <material id="material_2" name="">
      <instance_effect url="#material_2-fx"/>
    </material>
  </library_materials>
  <library_geometries>
    <geometry id="meshesQ0S" name="meshes[0]" >
      <mesh>
        <source id="meshesQ0S-positions" name="meshesQ0S-positions">
          <float_array id="meshesQ0S-positions-array" count="72"> -6.66945744 -0.0324030593 6.07452917 6.66945744 -0.0324030593 6.07452917 6.66945744 0.0324030593 6.07452917 -6.66945744 0.0324030593 6.07452917 -6.66945744 0.0324030593 6.07452917 6.66945744 0.0324030593 6.07452917 6.66945744 0.0324030593 -6.07452917 -6.66945744 0.0324030593 -6.07452917 -6.66945744 0.0324030593 -6.07452917 6.66945744 0.0324030593 -6.07452917 6.66945744 -0.0324030593 -6.07452917 -6.66945744 -0.0324030593 -6.07452917 -6.66945744 -0.0324030593 -6.07452917 6.66945744 -0.0324030593 -6.07452917 6.66945744 -0.0324030593 6.07452917 -6.66945744 -0.0324030593 6.07452917 6.66945744 -0.0324030593 6.07452917 6.66945744 -0.0324030593 -6.07452917 6.66945744 0.0324030593 -6.07452917 6.66945744 0.0324030593 6.07452917 -6.66945744 -0.0324030593 -6.07452917 -6.66945744 -0.0324030593 6.07452917 -6.66945744 0.0324030593 6.07452917 -6.66945744 0.0324030593 -6.07452917 </float_array>
          <technique_common>
            <accessor count="24" offset="0" source="#meshesQ0S-positions-array" stride="3">
              <param name="X" type="float" />
              <param name="Y" type="float" />
              <param name="Z" type="float" />
            </accessor>
          </technique_common>
        </source>
        <source id="meshesQ0S-normals" name="meshesQ0S-normals">
          <float_array id="meshesQ0S-normals-array" count="72"> 0 0 1 0 0 1 0 0 1 0 0 1 0 1 0 0 1 0 0 1 0 0 1 0 0 0 -1 0 0 -1 0 0 -1 0 0 -1 0 -1 0 0 -1 0 0 -1 0 0 -1 0 1 0 0 1 0 0 1 0 0 1 0 0 -1 0 0 -1 0 0 -1 0 0 -1 0 0 </float_array>
          <technique_common>
            <accessor count="24" offset="0" source="#meshesQ0S-normals-array" stride="3">
              <param name="X" type="float" />
              <param name="Y" type="float" />
              <param name="Z" type="float" />
            </accessor>
          </technique_common>
        </source>
        <source id="meshesQ0S-tex0" name="meshesQ0S-tex0">
          <float_array id="meshesQ0S-tex0-array" count="48"> -1.5417155 -8.59369659 3.01924157 -8.59369659 3.01924157 -4.03273964 -1.5417155 -4.03273964 -1.5417155 -4.03273964 3.01924157 -4.03273964 3.01924157 0.528217435 -1.5417155 0.528217435 -1.5417155 0.528217435 3.01924157 0.528217435 3.01924157 5.08917475 -1.5417155 5.08917475 -1.5417155 5.08917475 3.01924157 5.08917475 3.01924157 9.65013123 -1.5417155 9.65013123 3.01924157 -8.59369659 7.58019829 -8.59369659 7.58019829 -4.03273964 3.01924157 -4.03273964 -6.10267258 -8.59369659 -1.5417155 -8.59369659 -1.5417155 -4.03273964 -6.10267258 -4.03273964 </float_array>
          <technique_common>
            <accessor count="24" offset="0" source="#meshesQ0S-tex0-array" stride="2">
              <param name="S" type="float" />
              <param name="T" type="float" />
            </accessor>
          </technique_common>
        </source>
        <vertices id="meshesQ0S-vertices">
          <input semantic="POSITION" source="#meshesQ0S-positions" />
        </vertices>
        <polylist count="12" material="defaultMaterial">
          <input offset="0" semantic="VERTEX" source="#meshesQ0S-vertices" />
          <input offset="0" semantic="NORMAL" source="#meshesQ0S-normals" />
          <input offset="0" semantic="TEXCOORD" source="#meshesQ0S-tex0" set="0" />
          <vcount>3 3 3 3 3 3 3 3 3 3 3 3 </vcount>
          <p>0 1 2 2 3 0 4 5 6 6 7 4 8 9 10 10 11 8 12 13 14 14 15 12 16 17 18 18 19 16 20 21 22 22 23 20 </p>
        </polylist>
      </mesh>
    </geometry>
    <geometry id="meshesQ1S" name="meshes[1]" >
      <mesh>
        <source id="meshesQ1S-positions" name="meshesQ1S-positions">
          <float_array id="meshesQ1S-positions-array" count="72"> -0.191272736 -0.104783744 27.026701 0.191272736 -0.104783744 27.026701 0.191272736 0.104783744 27.026701 -0.191272736 0.104783744 27.026701 -0.191272736 0.104783744 27.026701 0.191272736 0.104783744 27.026701 0.191272736 0.104783744 -64.0953293 -0.191272736 0.104783744 -64.0953293 -0.191272736 0.104783744 -64.0953293 0.191272736 0.104783744 -64.0953293 0.191272736 -0.104783744 -64.0953293 -0.191272736 -0.104783744 -64.0953293 -0.191272736 -0.104783744 -64.0953293 0.191272736 -0.104783744 -64.0953293 0.191272736 -0.104783744 27.026701 -0.191272736 -0.104783744 27.026701 0.191272736 -0.104783744 27.026701 0.191272736 -0.104783744 -64.0953293 0.191272736 0.104783744 -64.0953293 0.191272736 0.104783744 27.026701 -0.191272736 -0.104783744 -64.0953293 -0.191272736 -0.104783744 27.026701 -0.191272736 0.104783744 27.026701 -0.191272736 0.104783744 -64.0953293 </float_array>
          <technique_common>
            <accessor count="24" offset="0" source="#meshesQ1S-positions-array" stride="3">
              <param name="X" type="float" />
              <param name="Y" type="float" />
              <param name="Z" type="float" />
            </accessor>
          </technique_common>
        </source>
        <source id="meshesQ1S-normals" name="meshesQ1S-normals">
          <float_array id="meshesQ1S-normals-array" count="72"> 0 0 1 0 0 1 0 0 1 0 0 1 0 1 0 0 1 0 0 1 0 0 1 0 0 0 -1 0 0 -1 0 0 -1 0 0 -1 0 -1 0 0 -1 0 0 -1 0 0 -1 0 1 0 0 1 0 0 1 0 0 1 0 0 -1 0 0 -1 0 0 -1 0 0 -1 0 0 </float_array>
          <technique_common>
            <accessor count="24" offset="0" source="#meshesQ1S-normals-array" stride="3">
              <param name="X" type="float" />
              <param name="Y" type="float" />
              <param name="Z" type="float" />
            </accessor>
          </technique_common>
        </source>
        <vertices id="meshesQ1S-vertices">
          <input semantic="POSITION" source="#meshesQ1S-positions" />
        </vertices>
        <polylist count="12" material="defaultMaterial">
          <input offset="0" semantic="VERTEX" source="#meshesQ1S-vertices" />
          <input offset="0" semantic="NORMAL" source="#meshesQ1S-normals" />
          <vcount>3 3 3 3 3 3 3 3 3 3 3 3 </vcount>
          <p>0 1 2 2 3 0 4 5 6 6 7 4 8 9 10 10 11 8 12 13 14 14 15 12 16 17 18 18 19 16 20 21 22 22 23 20 </p>
        </polylist>
      </mesh>
    </geometry>
    <geometry id="meshesQ2S" name="meshes[2]" >
      <mesh>
        <source id="meshesQ2S-positions" name="meshesQ2S-positions">
          <float_array id="meshesQ2S-positions-array" count="72"> -0.191272736 -0.104783744 27.026701 0.191272736 -0.104783744 27.026701 0.191272736 0.104783744 27.026701 -0.191272736 0.104783744 27.026701 -0.191272736 0.104783744 27.026701 0.191272736 0.104783744 27.026701 0.191272736 0.104783744 -64.0953293 -0.191272736 0.104783744 -64.0953293 -0.191272736 0.104783744 -64.0953293 0.191272736 0.104783744 -64.0953293 0.191272736 -0.104783744 -64.0953293 -0.191272736 -0.104783744 -64.0953293 -0.191272736 -0.104783744 -64.0953293 0.191272736 -0.104783744 -64.0953293 0.191272736 -0.104783744 27.026701 -0.191272736 -0.104783744 27.026701 0.191272736 -0.104783744 27.026701 0.191272736 -0.104783744 -64.0953293 0.191272736 0.104783744 -64.0953293 0.191272736 0.104783744 27.026701 -0.191272736 -0.104783744 -64.0953293 -0.191272736 -0.104783744 27.026701 -0.191272736 0.104783744 27.026701 -0.191272736 0.104783744 -64.0953293 </float_array>
          <technique_common>
            <accessor count="24" offset="0" source="#meshesQ2S-positions-array" stride="3">
              <param name="X" type="float" />
              <param name="Y" type="float" />
              <param name="Z" type="float" />
            </accessor>
          </technique_common>
        </source>
        <source id="meshesQ2S-normals" name="meshesQ2S-normals">
          <float_array id="meshesQ2S-normals-array" count="72"> 0 0 1 0 0 1 0 0 1 0 0 1 0 1 0 0 1 0 0 1 0 0 1 0 0 0 -1 0 0 -1 0 0 -1 0 0 -1 0 -1 0 0 -1 0 0 -1 0 0 -1 0 1 0 0 1 0 0 1 0 0 1 0 0 -1 0 0 -1 0 0 -1 0 0 -1 0 0 </float_array>
          <technique_common>
            <accessor count="24" offset="0" source="#meshesQ2S-normals-array" stride="3">
              <param name="X" type="float" />
              <param name="Y" type="float" />
              <param name="Z" type="float" />
            </accessor>
          </technique_common>
        </source>
        <vertices id="meshesQ2S-vertices">
          <input semantic="POSITION" source="#meshesQ2S-positions" />
        </vertices>
        <polylist count="12" material="defaultMaterial">
          <input offset="0" semantic="VERTEX" source="#meshesQ2S-vertices" />
          <input offset="0" semantic="NORMAL" source="#meshesQ2S-normals" />
          <vcount>3 3 3 3 3 3 3 3 3 3 3 3 </vcount>
          <p>0 1 2 2 3 0 4 5 6 6 7 4 8 9 10 10 11 8 12 13 14 14 15 12 16 17 18 18 19 16 20 21 22 22 23 20 </p>
        </polylist>
      </mesh>
    </geometry>
    <geometry id="meshesQ3S" name="meshes[3]" >
      <mesh>
        <source id="meshesQ3S-positions" name="meshesQ3S-positions">
          <float_array id="meshesQ3S-positions-array" count="72"> -0.191272736 -0.104783744 -51.5335732 0.397006512 -0.104783744 -51.5335732 0.397006512 0.104783744 -51.5335732 -0.191272736 0.104783744 -51.5335732 -0.191272736 0.104783744 -51.5335732 0.397006512 0.104783744 -51.5335732 0.397006512 0.104783744 -64.0953293 -0.191272736 0.104783744 -64.0953293 -0.191272736 0.104783744 -64.0953293 0.397006512 0.104783744 -64.0953293 0.397006512 -0.104783744 -64.0953293 -0.191272736 -0.104783744 -64.0953293 -0.191272736 -0.104783744 -64.0953293 0.397006512 -0.104783744 -64.0953293 0.397006512 -0.104783744 -51.5335732 -0.191272736 -0.104783744 -51.5335732 0.397006512 -0.104783744 -51.5335732 0.397006512 -0.104783744 -64.0953293 0.397006512 0.104783744 -64.0953293 0.397006512 0.104783744 -51.5335732 -0.191272736 -0.104783744 -64.0953293 -0.191272736 -0.104783744 -51.5335732 -0.191272736 0.104783744 -51.5335732 -0.191272736 0.104783744 -64.0953293 </float_array>
          <technique_common>
            <accessor count="24" offset="0" source="#meshesQ3S-positions-array" stride="3">
              <param name="X" type="float" />
              <param name="Y" type="float" />
              <param name="Z" type="float" />
            </accessor>
          </technique_common>
        </source>
        <source id="meshesQ3S-normals" name="meshesQ3S-normals">
          <float_array id="meshesQ3S-normals-array" count="72"> 0 0 1 0 0 1 0 0 1 0 0 1 0 1 0 0 1 0 0 1 0 0 1 0 0 0 -1 0 0 -1 0 0 -1 0 0 -1 0 -1 0 0 -1 0 0 -1 0 0 -1 0 1 0 0 1 0 0 1 0 0 1 0 0 -1 0 0 -1 0 0 -1 0 0 -1 0 0 </float_array>
          <technique_common>
            <accessor count="24" offset="0" source="#meshesQ3S-normals-array" stride="3">
              <param name="X" type="float" />
              <param name="Y" type="float" />
              <param name="Z" type="float" />
            </accessor>
          </technique_common>
        </source>
        <vertices id="meshesQ3S-vertices">
          <input semantic="POSITION" source="#meshesQ3S-positions" />
        </vertices>
        <polylist count="12" material="defaultMaterial">
          <input offset="0" semantic="VERTEX" source="#meshesQ3S-vertices" />
          <input offset="0" semantic="NORMAL" source="#meshesQ3S-normals" />
          <vcount>3 3 3 3 3 3 3 3 3 3 3 3 </vcount>
          <p>0 1 2 2 3 0 4 5 6 6 7 4 8 9 10 10 11 8 12 13 14 14 15 12 16 17 18 18 19 16 20 21 22 22 23 20 </p>
        </polylist>
      </mesh>
    </geometry>
    <geometry id="meshesQ4S" name="meshes[4]" >
      <mesh>
        <source id="meshesQ4S-positions" name="meshesQ4S-positions">
          <float_array id="meshesQ4S-positions-array" count="72"> -0.191272736 -0.104783744 -51.0669632 0.314713001 -0.104783744 -51.0669632 0.314713001 0.104783744 -51.0669632 -0.191272736 0.104783744 -51.0669632 -0.191272736 0.104783744 -51.0669632 0.314713001 0.104783744 -51.0669632 0.314713001 0.104783744 -64.2611847 -0.191272736 0.104783744 -64.2611847 -0.191272736 0.104783744 -64.2611847 0.314713001 0.104783744 -64.2611847 0.314713001 -0.104783744 -64.2611847 -0.191272736 -0.104783744 -64.2611847 -0.191272736 -0.104783744 -64.2611847 0.314713001 -0.104783744 -64.2611847 0.314713001 -0.104783744 -51.0669632 -0.191272736 -0.104783744 -51.0669632 0.314713001 -0.104783744 -51.0669632 0.314713001 -0.104783744 -64.2611847 0.314713001 0.104783744 -64.2611847 0.314713001 0.104783744 -51.0669632 -0.191272736 -0.104783744 -64.2611847 -0.191272736 -0.104783744 -51.0669632 -0.191272736 0.104783744 -51.0669632 -0.191272736 0.104783744 -64.2611847 </float_array>
          <technique_common>
            <accessor count="24" offset="0" source="#meshesQ4S-positions-array" stride="3">
              <param name="X" type="float" />
              <param name="Y" type="float" />
              <param name="Z" type="float" />
            </accessor>
          </technique_common>
        </source>
        <source id="meshesQ4S-normals" name="meshesQ4S-normals">
          <float_array id="meshesQ4S-normals-array" count="72"> 0 0 1 0 0 1 0 0 1 0 0 1 0 1 0 0 1 0 0 1 0 0 1 0 0 0 -1 0 0 -1 0 0 -1 0 0 -1 0 -1 0 0 -1 0 0 -1 0 0 -1 0 1 0 0 1 0 0 1 0 0 1 0 0 -1 0 0 -1 0 0 -1 0 0 -1 0 0 </float_array>
          <technique_common>
            <accessor count="24" offset="0" source="#meshesQ4S-normals-array" stride="3">
              <param name="X" type="float" />
              <param name="Y" type="float" />
              <param name="Z" type="float" />
            </accessor>
          </technique_common>
        </source>
        <vertices id="meshesQ4S-vertices">
          <input semantic="POSITION" source="#meshesQ4S-positions" />
        </vertices>
        <polylist count="12" material="defaultMaterial">
          <input offset="0" semantic="VERTEX" source="#meshesQ4S-vertices" />
          <input offset="0" semantic="NORMAL" source="#meshesQ4S-normals" />
          <vcount>3 3 3 3 3 3 3 3 3 3 3 3 </vcount>
          <p>0 1 2 2 3 0 4 5 6 6 7 4 8 9 10 10 11 8 12 13 14 14 15 12 16 17 18 18 19 16 20 21 22 22 23 20 </p>
        </polylist>
      </mesh>
    </geometry>
    <geometry id="meshesQ5S" name="meshes[5]" >
      <mesh>
        <source id="meshesQ5S-positions" name="meshesQ5S-positions">
          <float_array id="meshesQ5S-positions-array" count="72"> -0.340147495 -0.104783744 -51.5335732 0.191272736 -0.104783744 -51.5335732 0.191272736 0.104783744 -51.5335732 -0.340147495 0.104783744 -51.5335732 -0.340147495 0.104783744 -51.5335732 0.191272736 0.104783744 -51.5335732 0.191272736 0.104783744 -64.0953293 -0.340147495 0.104783744 -64.0953293 -0.340147495 0.104783744 -64.0953293 0.191272736 0.104783744 -64.0953293 0.191272736 -0.104783744 -64.0953293 -0.340147495 -0.104783744 -64.0953293 -0.340147495 -0.104783744 -64.0953293 0.191272736 -0.104783744 -64.0953293 0.191272736 -0.104783744 -51.5335732 -0.340147495 -0.104783744 -51.5335732 0.191272736 -0.104783744 -51.5335732 0.191272736 -0.104783744 -64.0953293 0.191272736 0.104783744 -64.0953293 0.191272736 0.104783744 -51.5335732 -0.340147495 -0.104783744 -64.0953293 -0.340147495 -0.104783744 -51.5335732 -0.340147495 0.104783744 -51.5335732 -0.340147495 0.104783744 -64.0953293 </float_array>
          <technique_common>
            <accessor count="24" offset="0" source="#meshesQ5S-positions-array" stride="3">
              <param name="X" type="float" />
              <param name="Y" type="float" />
              <param name="Z" type="float" />
            </accessor>
          </technique_common>
        </source>
        <source id="meshesQ5S-normals" name="meshesQ5S-normals">
          <float_array id="meshesQ5S-normals-array" count="72"> 0 0 1 0 0 1 0 0 1 0 0 1 0 1 0 0 1 0 0 1 0 0 1 0 0 0 -1 0 0 -1 0 0 -1 0 0 -1 0 -1 0 0 -1 0 0 -1 0 0 -1 0 1 0 0 1 0 0 1 0 0 1 0 0 -1 0 0 -1 0 0 -1 0 0 -1 0 0 </float_array>
          <technique_common>
            <accessor count="24" offset="0" source="#meshesQ5S-normals-array" stride="3">
              <param name="X" type="float" />
              <param name="Y" type="float" />
              <param name="Z" type="float" />
            </accessor>
          </technique_common>
        </source>
        <vertices id="meshesQ5S-vertices">
          <input semantic="POSITION" source="#meshesQ5S-positions" />
        </vertices>
        <polylist count="12" material="defaultMaterial">
          <input offset="0" semantic="VERTEX" source="#meshesQ5S-vertices" />
          <input offset="0" semantic="NORMAL" source="#meshesQ5S-normals" />
          <vcount>3 3 3 3 3 3 3 3 3 3 3 3 </vcount>
          <p>0 1 2 2 3 0 4 5 6 6 7 4 8 9 10 10 11 8 12 13 14 14 15 12 16 17 18 18 19 16 20 21 22 22 23 20 </p>
        </polylist>
      </mesh>
    </geometry>
    <geometry id="meshesQ6S" name="meshes[6]" >
      <mesh>
        <source id="meshesQ6S-positions" name="meshesQ6S-positions">
          <float_array id="meshesQ6S-positions-array" count="72"> -0.191272736 -0.104783744 -51.5335732 0.389772892 -0.104783744 -51.5335732 0.389772892 0.104783744 -51.5335732 -0.191272736 0.104783744 -51.5335732 -0.191272736 0.104783744 -51.5335732 0.389772892 0.104783744 -51.5335732 0.389772892 0.104783744 -64.0953293 -0.191272736 0.104783744 -64.0953293 -0.191272736 0.104783744 -64.0953293 0.389772892 0.104783744 -64.0953293 0.389772892 -0.104783744 -64.0953293 -0.191272736 -0.104783744 -64.0953293 -0.191272736 -0.104783744 -64.0953293 0.389772892 -0.104783744 -64.0953293 0.389772892 -0.104783744 -51.5335732 -0.191272736 -0.104783744 -51.5335732 0.389772892 -0.104783744 -51.5335732 0.389772892 -0.104783744 -64.0953293 0.389772892 0.104783744 -64.0953293 0.389772892 0.104783744 -51.5335732 -0.191272736 -0.104783744 -64.0953293 -0.191272736 -0.104783744 -51.5335732 -0.191272736 0.104783744 -51.5335732 -0.191272736 0.104783744 -64.0953293 </float_array>
          <technique_common>
            <accessor count="24" offset="0" source="#meshesQ6S-positions-array" stride="3">
              <param name="X" type="float" />
              <param name="Y" type="float" />
              <param name="Z" type="float" />
            </accessor>
          </technique_common>
        </source>
        <source id="meshesQ6S-normals" name="meshesQ6S-normals">
          <float_array id="meshesQ6S-normals-array" count="72"> 0 0 1 0 0 1 0 0 1 0 0 1 0 1 0 0 1 0 0 1 0 0 1 0 0 0 -1 0 0 -1 0 0 -1 0 0 -1 0 -1 0 0 -1 0 0 -1 0 0 -1 0 1 0 0 1 0 0 1 0 0 1 0 0 -1 0 0 -1 0 0 -1 0 0 -1 0 0 </float_array>
          <technique_common>
            <accessor count="24" offset="0" source="#meshesQ6S-normals-array" stride="3">
              <param name="X" type="float" />
              <param name="Y" type="float" />
              <param name="Z" type="float" />
            </accessor>
          </technique_common>
        </source>
        <vertices id="meshesQ6S-vertices">
          <input semantic="POSITION" source="#meshesQ6S-positions" />
        </vertices>
        <polylist count="12" material="defaultMaterial">
          <input offset="0" semantic="VERTEX" source="#meshesQ6S-vertices" />
          <input offset="0" semantic="NORMAL" source="#meshesQ6S-normals" />
          <vcount>3 3 3 3 3 3 3 3 3 3 3 3 </vcount>
          <p>0 1 2 2 3 0 4 5 6 6 7 4 8 9 10 10 11 8 12 13 14 14 15 12 16 17 18 18 19 16 20 21 22 22 23 20 </p>
        </polylist>
      </mesh>
    </geometry>
    <geometry id="meshesQ7S" name="meshes[7]" >
      <mesh>
        <source id="meshesQ7S-positions" name="meshesQ7S-positions">
          <float_array id="meshesQ7S-positions-array" count="72"> -0.387254715 -0.104783744 -51.2918167 0.191272736 -0.104783744 -51.2918167 0.191272736 0.104783744 -51.2918167 -0.387254715 0.104783744 -51.2918167 -0.387254715 0.104783744 -51.2918167 0.191272736 0.104783744 -51.2918167 0.191272736 0.104783744 -64.4076996 -0.387254715 0.104783744 -64.4076996 -0.387254715 0.104783744 -64.4076996 0.191272736 0.104783744 -64.4076996 0.191272736 -0.104783744 -64.4076996 -0.387254715 -0.104783744 -64.4076996 -0.387254715 -0.104783744 -64.4076996 0.191272736 -0.104783744 -64.4076996 0.191272736 -0.104783744 -51.2918167 -0.387254715 -0.104783744 -51.2918167 0.191272736 -0.104783744 -51.2918167 0.191272736 -0.104783744 -64.4076996 0.191272736 0.104783744 -64.4076996 0.191272736 0.104783744 -51.2918167 -0.387254715 -0.104783744 -64.4076996 -0.387254715 -0.104783744 -51.2918167 -0.387254715 0.104783744 -51.2918167 -0.387254715 0.104783744 -64.4076996 </float_array>
          <technique_common>
            <accessor count="24" offset="0" source="#meshesQ7S-positions-array" stride="3">
              <param name="X" type="float" />
              <param name="Y" type="float" />
              <param name="Z" type="float" />
            </accessor>
          </technique_common>
        </source>
        <source id="meshesQ7S-normals" name="meshesQ7S-normals">
          <float_array id="meshesQ7S-normals-array" count="72"> 0 0 1 0 0 1 0 0 1 0 0 1 0 1 0 0 1 0 0 1 0 0 1 0 0 0 -1 0 0 -1 0 0 -1 0 0 -1 0 -1 0 0 -1 0 0 -1 0 0 -1 0 1 0 0 1 0 0 1 0 0 1 0 0 -1 0 0 -1 0 0 -1 0 0 -1 0 0 </float_array>
          <technique_common>
            <accessor count="24" offset="0" source="#meshesQ7S-normals-array" stride="3">
              <param name="X" type="float" />
              <param name="Y" type="float" />
              <param name="Z" type="float" />
            </accessor>
          </technique_common>
        </source>
        <vertices id="meshesQ7S-vertices">
          <input semantic="POSITION" source="#meshesQ7S-positions" />
        </vertices>
        <polylist count="12" material="defaultMaterial">
          <input offset="0" semantic="VERTEX" source="#meshesQ7S-vertices" />
          <input offset="0" semantic="NORMAL" source="#meshesQ7S-normals" />
          <vcount>3 3 3 3 3 3 3 3 3 3 3 3 </vcount>
          <p>0 1 2 2 3 0 4 5 6 6 7 4 8 9 10 10 11 8 12 13 14 14 15 12 16 17 18 18 19 16 20 21 22 22 23 20 </p>
        </polylist>
      </mesh>
    </geometry>
    <geometry id="meshesQ8S" name="meshes[8]" >
      <mesh>
        <source id="meshesQ8S-positions" name="meshesQ8S-positions">
          <float_array id="meshesQ8S-positions-array" count="72"> -0.191272736 -0.104783744 -51.2918167 0.485245228 -0.104783744 -51.2918167 0.485245228 0.104783744 -51.2918167 -0.191272736 0.104783744 -51.2918167 -0.191272736 0.104783744 -51.2918167 0.485245228 0.104783744 -51.2918167 0.485245228 0.104783744 -64.4076996 -0.191272736 0.104783744 -64.4076996 -0.191272736 0.104783744 -64.4076996 0.485245228 0.104783744 -64.4076996 0.485245228 -0.104783744 -64.4076996 -0.191272736 -0.104783744 -64.4076996 -0.191272736 -0.104783744 -64.4076996 0.485245228 -0.104783744 -64.4076996 0.485245228 -0.104783744 -51.2918167 -0.191272736 -0.104783744 -51.2918167 0.485245228 -0.104783744 -51.2918167 0.485245228 -0.104783744 -64.4076996 0.485245228 0.104783744 -64.4076996 0.485245228 0.104783744 -51.2918167 -0.191272736 -0.104783744 -64.4076996 -0.191272736 -0.104783744 -51.2918167 -0.191272736 0.104783744 -51.2918167 -0.191272736 0.104783744 -64.4076996 </float_array>
          <technique_common>
            <accessor count="24" offset="0" source="#meshesQ8S-positions-array" stride="3">
              <param name="X" type="float" />
              <param name="Y" type="float" />
              <param name="Z" type="float" />
            </accessor>
          </technique_common>
        </source>
        <source id="meshesQ8S-normals" name="meshesQ8S-normals">
          <float_array id="meshesQ8S-normals-array" count="72"> 0 0 1 0 0 1 0 0 1 0 0 1 0 1 0 0 1 0 0 1 0 0 1 0 0 0 -1 0 0 -1 0 0 -1 0 0 -1 0 -1 0 0 -1 0 0 -1 0 0 -1 0 1 0 0 1 0 0 1 0 0 1 0 0 -1 0 0 -1 0 0 -1 0 0 -1 0 0 </float_array>
          <technique_common>
            <accessor count="24" offset="0" source="#meshesQ8S-normals-array" stride="3">
              <param name="X" type="float" />
              <param name="Y" type="float" />
              <param name="Z" type="float" />
            </accessor>
          </technique_common>
        </source>
        <vertices id="meshesQ8S-vertices">
          <input semantic="POSITION" source="#meshesQ8S-positions" />
        </vertices>
        <polylist count="12" material="defaultMaterial">
          <input offset="0" semantic="VERTEX" source="#meshesQ8S-vertices" />
          <input offset="0" semantic="NORMAL" source="#meshesQ8S-normals" />
          <vcount>3 3 3 3 3 3 3 3 3 3 3 3 </vcount>
          <p>0 1 2 2 3 0 4 5 6 6 7 4 8 9 10 10 11 8 12 13 14 14 15 12 16 17 18 18 19 16 20 21 22 22 23 20 </p>
        </polylist>
      </mesh>
    </geometry>
    <geometry id="meshesQ9S" name="meshes[9]" >
      <mesh>
        <source id="meshesQ9S-positions" name="meshesQ9S-positions">
          <float_array id="meshesQ9S-positions-array" count="72"> -0.191272736 -0.104783744 -51.5335732 0.472564697 -0.104783744 -51.5335732 0.472564697 0.104783744 -51.5335732 -0.191272736 0.104783744 -51.5335732 -0.191272736 0.104783744 -51.5335732 0.472564697 0.104783744 -51.5335732 0.472564697 0.104783744 -64.0953293 -0.191272736 0.104783744 -64.0953293 -0.191272736 0.104783744 -64.0953293 0.472564697 0.104783744 -64.0953293 0.472564697 -0.104783744 -64.0953293 -0.191272736 -0.104783744 -64.0953293 -0.191272736 -0.104783744 -64.0953293 0.472564697 -0.104783744 -64.0953293 0.472564697 -0.104783744 -51.5335732 -0.191272736 -0.104783744 -51.5335732 0.472564697 -0.104783744 -51.5335732 0.472564697 -0.104783744 -64.0953293 0.472564697 0.104783744 -64.0953293 0.472564697 0.104783744 -51.5335732 -0.191272736 -0.104783744 -64.0953293 -0.191272736 -0.104783744 -51.5335732 -0.191272736 0.104783744 -51.5335732 -0.191272736 0.104783744 -64.0953293 </float_array>
          <technique_common>
            <accessor count="24" offset="0" source="#meshesQ9S-positions-array" stride="3">
              <param name="X" type="float" />
              <param name="Y" type="float" />
              <param name="Z" type="float" />
            </accessor>
          </technique_common>
        </source>
        <source id="meshesQ9S-normals" name="meshesQ9S-normals">
          <float_array id="meshesQ9S-normals-array" count="72"> 0 0 1 0 0 1 0 0 1 0 0 1 0 1 0 0 1 0 0 1 0 0 1 0 0 0 -1 0 0 -1 0 0 -1 0 0 -1 0 -1 0 0 -1 0 0 -1 0 0 -1 0 1 0 0 1 0 0 1 0 0 1 0 0 -1 0 0 -1 0 0 -1 0 0 -1 0 0 </float_array>
          <technique_common>
            <accessor count="24" offset="0" source="#meshesQ9S-normals-array" stride="3">
              <param name="X" type="float" />
              <param name="Y" type="float" />
              <param name="Z" type="float" />
            </accessor>
          </technique_common>
        </source>
        <vertices id="meshesQ9S-vertices">
          <input semantic="POSITION" source="#meshesQ9S-positions" />
        </vertices>
        <polylist count="12" material="defaultMaterial">
          <input offset="0" semantic="VERTEX" source="#meshesQ9S-vertices" />
          <input offset="0" semantic="NORMAL" source="#meshesQ9S-normals" />
          <vcount>3 3 3 3 3 3 3 3 3 3 3 3 </vcount>
          <p>0 1 2 2 3 0 4 5 6 6 7 4 8 9 10 10 11 8 12 13 14 14 15 12 16 17 18 18 19 16 20 21 22 22 23 20 </p>
        </polylist>
      </mesh>
    </geometry>
    <geometry id="meshesQ10S" name="meshes[10]" >
      <mesh>
        <source id="meshesQ10S-positions" name="meshesQ10S-positions">
          <float_array id="meshesQ10S-positions-array" count="72"> -0.40959549 -0.104783744 -51.2918167 0.191272736 -0.104783744 -51.2918167 0.191272736 0.104783744 -51.2918167 -0.40959549 0.104783744 -51.2918167 -0.40959549 0.104783744 -51.2918167 0.191272736 0.104783744 -51.2918167 0.191272736 0.104783744 -64.4155731 -0.40959549 0.104783744 -64.4155731 -0.40959549 0.104783744 -64.4155731 0.191272736 0.104783744 -64.4155731 0.191272736 -0.104783744 -64.4155731 -0.40959549 -0.104783744 -64.4155731 -0.40959549 -0.104783744 -64.4155731 0.191272736 -0.104783744 -64.4155731 0.191272736 -0.104783744 -51.2918167 -0.40959549 -0.104783744 -51.2918167 0.191272736 -0.104783744 -51.2918167 0.191272736 -0.104783744 -64.4155731 0.191272736 0.104783744 -64.4155731 0.191272736 0.104783744 -51.2918167 -0.40959549 -0.104783744 -64.4155731 -0.40959549 -0.104783744 -51.2918167 -0.40959549 0.104783744 -51.2918167 -0.40959549 0.104783744 -64.4155731 </float_array>
          <technique_common>
            <accessor count="24" offset="0" source="#meshesQ10S-positions-array" stride="3">
              <param name="X" type="float" />
              <param name="Y" type="float" />
              <param name="Z" type="float" />
            </accessor>
          </technique_common>
        </source>
        <source id="meshesQ10S-normals" name="meshesQ10S-normals">
          <float_array id="meshesQ10S-normals-array" count="72"> 0 0 1 0 0 1 0 0 1 0 0 1 0 1 0 0 1 0 0 1 0 0 1 0 0 0 -1 0 0 -1 0 0 -1 0 0 -1 0 -1 0 0 -1 0 0 -1 0 0 -1 0 1 0 0 1 0 0 1 0 0 1 0 0 -1 0 0 -1 0 0 -1 0 0 -1 0 0 </float_array>
          <technique_common>
            <accessor count="24" offset="0" source="#meshesQ10S-normals-array" stride="3">
              <param name="X" type="float" />
              <param name="Y" type="float" />
              <param name="Z" type="float" />
            </accessor>
          </technique_common>
        </source>
        <vertices id="meshesQ10S-vertices">
          <input semantic="POSITION" source="#meshesQ10S-positions" />
        </vertices>
        <polylist count="12" material="defaultMaterial">
          <input offset="0" semantic="VERTEX" source="#meshesQ10S-vertices" />
          <input offset="0" semantic="NORMAL" source="#meshesQ10S-normals" />
          <vcount>3 3 3 3 3 3 3 3 3 3 3 3 </vcount>
          <p>0 1 2 2 3 0 4 5 6 6 7 4 8 9 10 10 11 8 12 13 14 14 15 12 16 17 18 18 19 16 20 21 22 22 23 20 </p>
        </polylist>
      </mesh>
    </geometry>
    <geometry id="meshesQ11S" name="meshes[11]" >
      <mesh>
        <source id="meshesQ11S-positions" name="meshesQ11S-positions">
          <float_array id="meshesQ11S-positions-array" count="72"> -0.244404048 -0.104783744 -51.0800896 0.541479588 -0.104783744 -51.0800896 0.541479588 0.104783744 -51.0800896 -0.244404048 0.104783744 -51.0800896 -0.244404048 0.104783744 -51.0800896 0.541479588 0.104783744 -51.0800896 0.541479588 0.104783744 -64.518837 -0.244404048 0.104783744 -64.518837 -0.244404048 0.104783744 -64.518837 0.541479588 0.104783744 -64.518837 0.541479588 -0.104783744 -64.518837 -0.244404048 -0.104783744 -64.518837 -0.244404048 -0.104783744 -64.518837 0.541479588 -0.104783744 -64.518837 0.541479588 -0.104783744 -51.0800896 -0.244404048 -0.104783744 -51.0800896 0.541479588 -0.104783744 -51.0800896 0.541479588 -0.104783744 -64.518837 0.541479588 0.104783744 -64.518837 0.541479588 0.104783744 -51.0800896 -0.244404048 -0.104783744 -64.518837 -0.244404048 -0.104783744 -51.0800896 -0.244404048 0.104783744 -51.0800896 -0.244404048 0.104783744 -64.518837 </float_array>
          <technique_common>
            <accessor count="24" offset="0" source="#meshesQ11S-positions-array" stride="3">
              <param name="X" type="float" />
              <param name="Y" type="float" />
              <param name="Z" type="float" />
            </accessor>
          </technique_common>
        </source>
        <source id="meshesQ11S-normals" name="meshesQ11S-normals">
          <float_array id="meshesQ11S-normals-array" count="72"> 0 0 1 0 0 1 0 0 1 0 0 1 0 1 0 0 1 0 0 1 0 0 1 0 0 0 -1 0 0 -1 0 0 -1 0 0 -1 0 -1 0 0 -1 0 0 -1 0 0 -1 0 1 0 0 1 0 0 1 0 0 1 0 0 -1 0 0 -1 0 0 -1 0 0 -1 0 0 </float_array>
          <technique_common>
            <accessor count="24" offset="0" source="#meshesQ11S-normals-array" stride="3">
              <param name="X" type="float" />
              <param name="Y" type="float" />
              <param name="Z" type="float" />
            </accessor>
          </technique_common>
        </source>
        <vertices id="meshesQ11S-vertices">
          <input semantic="POSITION" source="#meshesQ11S-positions" />
        </vertices>
        <polylist count="12" material="defaultMaterial">
          <input offset="0" semantic="VERTEX" source="#meshesQ11S-vertices" />
          <input offset="0" semantic="NORMAL" source="#meshesQ11S-normals" />
          <vcount>3 3 3 3 3 3 3 3 3 3 3 3 </vcount>
          <p>0 1 2 2 3 0 4 5 6 6 7 4 8 9 10 10 11 8 12 13 14 14 15 12 16 17 18 18 19 16 20 21 22 22 23 20 </p>
        </polylist>
      </mesh>
    </geometry>
    <geometry id="meshesQ12S" name="meshes[12]" >
      <mesh>
        <source id="meshesQ12S-positions" name="meshesQ12S-positions">
          <float_array id="meshesQ12S-positions-array" count="72"> -0.516764164 -0.104783744 -51.0800896 0.191272736 -0.104783744 -51.0800896 0.191272736 0.104783744 -51.0800896 -0.516764164 0.104783744 -51.0800896 -0.516764164 0.104783744 -51.0800896 0.191272736 0.104783744 -51.0800896 0.191272736 0.104783744 -64.518837 -0.516764164 0.104783744 -64.518837 -0.516764164 0.104783744 -64.518837 0.191272736 0.104783744 -64.518837 0.191272736 -0.104783744 -64.518837 -0.516764164 -0.104783744 -64.518837 -0.516764164 -0.104783744 -64.518837 0.191272736 -0.104783744 -64.518837 0.191272736 -0.104783744 -51.0800896 -0.516764164 -0.104783744 -51.0800896 0.191272736 -0.104783744 -51.0800896 0.191272736 -0.104783744 -64.518837 0.191272736 0.104783744 -64.518837 0.191272736 0.104783744 -51.0800896 -0.516764164 -0.104783744 -64.518837 -0.516764164 -0.104783744 -51.0800896 -0.516764164 0.104783744 -51.0800896 -0.516764164 0.104783744 -64.518837 </float_array>
          <technique_common>
            <accessor count="24" offset="0" source="#meshesQ12S-positions-array" stride="3">
              <param name="X" type="float" />
              <param name="Y" type="float" />
              <param name="Z" type="float" />
            </accessor>
          </technique_common>
        </source>
        <source id="meshesQ12S-normals" name="meshesQ12S-normals">
          <float_array id="meshesQ12S-normals-array" count="72"> 0 0 1 0 0 1 0 0 1 0 0 1 0 1 0 0 1 0 0 1 0 0 1 0 0 0 -1 0 0 -1 0 0 -1 0 0 -1 0 -1 0 0 -1 0 0 -1 0 0 -1 0 1 0 0 1 0 0 1 0 0 1 0 0 -1 0 0 -1 0 0 -1 0 0 -1 0 0 </float_array>
          <technique_common>
            <accessor count="24" offset="0" source="#meshesQ12S-normals-array" stride="3">
              <param name="X" type="float" />
              <param name="Y" type="float" />
              <param name="Z" type="float" />
            </accessor>
          </technique_common>
        </source>
        <vertices id="meshesQ12S-vertices">
          <input semantic="POSITION" source="#meshesQ12S-positions" />
        </vertices>
        <polylist count="12" material="defaultMaterial">
          <input offset="0" semantic="VERTEX" source="#meshesQ12S-vertices" />
          <input offset="0" semantic="NORMAL" source="#meshesQ12S-normals" />
          <vcount>3 3 3 3 3 3 3 3 3 3 3 3 </vcount>
          <p>0 1 2 2 3 0 4 5 6 6 7 4 8 9 10 10 11 8 12 13 14 14 15 12 16 17 18 18 19 16 20 21 22 22 23 20 </p>
        </polylist>
      </mesh>
    </geometry>
    <geometry id="meshesQ13S" name="meshes[13]" >
      <mesh>
        <source id="meshesQ13S-positions" name="meshesQ13S-positions">
          <float_array id="meshesQ13S-positions-array" count="72"> -0.191272736 -0.104783744 -51.2506256 0.446025848 -0.104783744 -51.2506256 0.446025848 0.104783744 -51.2506256 -0.191272736 0.104783744 -51.2506256 -0.191272736 0.104783744 -51.2506256 0.446025848 0.104783744 -51.2506256 0.446025848 0.104783744 -64.3273544 -0.191272736 0.104783744 -64.3273544 -0.191272736 0.104783744 -64.3273544 0.446025848 0.104783744 -64.3273544 0.446025848 -0.104783744 -64.3273544 -0.191272736 -0.104783744 -64.3273544 -0.191272736 -0.104783744 -64.3273544 0.446025848 -0.104783744 -64.3273544 0.446025848 -0.104783744 -51.2506256 -0.191272736 -0.104783744 -51.2506256 0.446025848 -0.104783744 -51.2506256 0.446025848 -0.104783744 -64.3273544 0.446025848 0.104783744 -64.3273544 0.446025848 0.104783744 -51.2506256 -0.191272736 -0.104783744 -64.3273544 -0.191272736 -0.104783744 -51.2506256 -0.191272736 0.104783744 -51.2506256 -0.191272736 0.104783744 -64.3273544 </float_array>
          <technique_common>
            <accessor count="24" offset="0" source="#meshesQ13S-positions-array" stride="3">
              <param name="X" type="float" />
              <param name="Y" type="float" />
              <param name="Z" type="float" />
            </accessor>
          </technique_common>
        </source>
        <source id="meshesQ13S-normals" name="meshesQ13S-normals">
          <float_array id="meshesQ13S-normals-array" count="72"> 0 0 1 0 0 1 0 0 1 0 0 1 0 1 0 0 1 0 0 1 0 0 1 0 0 0 -1 0 0 -1 0 0 -1 0 0 -1 0 -1 0 0 -1 0 0 -1 0 0 -1 0 1 0 0 1 0 0 1 0 0 1 0 0 -1 0 0 -1 0 0 -1 0 0 -1 0 0 </float_array>
          <technique_common>
            <accessor count="24" offset="0" source="#meshesQ13S-normals-array" stride="3">
              <param name="X" type="float" />
              <param name="Y" type="float" />
              <param name="Z" type="float" />
            </accessor>
          </technique_common>
        </source>
        <vertices id="meshesQ13S-vertices">
          <input semantic="POSITION" source="#meshesQ13S-positions" />
        </vertices>
        <polylist count="12" material="defaultMaterial">
          <input offset="0" semantic="VERTEX" source="#meshesQ13S-vertices" />
          <input offset="0" semantic="NORMAL" source="#meshesQ13S-normals" />
          <vcount>3 3 3 3 3 3 3 3 3 3 3 3 </vcount>
          <p>0 1 2 2 3 0 4 5 6 6 7 4 8 9 10 10 11 8 12 13 14 14 15 12 16 17 18 18 19 16 20 21 22 22 23 20 </p>
        </polylist>
      </mesh>
    </geometry>
    <geometry id="meshesQ14S" name="meshes[14]" >
      <mesh>
        <source id="meshesQ14S-positions" name="meshesQ14S-positions">
          <float_array id="meshesQ14S-positions-array" count="72"> -0.547926903 -0.104783744 -51.2506256 0.191272736 -0.104783744 -51.2506256 0.191272736 0.104783744 -51.2506256 -0.547926903 0.104783744 -51.2506256 -0.547926903 0.104783744 -51.2506256 0.191272736 0.104783744 -51.2506256 0.191272736 0.104783744 -64.3273544 -0.547926903 0.104783744 -64.3273544 -0.547926903 0.104783744 -64.3273544 0.191272736 0.104783744 -64.3273544 0.191272736 -0.104783744 -64.3273544 -0.547926903 -0.104783744 -64.3273544 -0.547926903 -0.104783744 -64.3273544 0.191272736 -0.104783744 -64.3273544 0.191272736 -0.104783744 -51.2506256 -0.547926903 -0.104783744 -51.2506256 0.191272736 -0.104783744 -51.2506256 0.191272736 -0.104783744 -64.3273544 0.191272736 0.104783744 -64.3273544 0.191272736 0.104783744 -51.2506256 -0.547926903 -0.104783744 -64.3273544 -0.547926903 -0.104783744 -51.2506256 -0.547926903 0.104783744 -51.2506256 -0.547926903 0.104783744 -64.3273544 </float_array>
          <technique_common>
            <accessor count="24" offset="0" source="#meshesQ14S-positions-array" stride="3">
              <param name="X" type="float" />
              <param name="Y" type="float" />
              <param name="Z" type="float" />
            </accessor>
          </technique_common>
        </source>
        <source id="meshesQ14S-normals" name="meshesQ14S-normals">
          <float_array id="meshesQ14S-normals-array" count="72"> 0 0 1 0 0 1 0 0 1 0 0 1 0 1 0 0 1 0 0 1 0 0 1 0 0 0 -1 0 0 -1 0 0 -1 0 0 -1 0 -1 0 0 -1 0 0 -1 0 0 -1 0 1 0 0 1 0 0 1 0 0 1 0 0 -1 0 0 -1 0 0 -1 0 0 -1 0 0 </float_array>
          <technique_common>
            <accessor count="24" offset="0" source="#meshesQ14S-normals-array" stride="3">
              <param name="X" type="float" />
              <param name="Y" type="float" />
              <param name="Z" type="float" />
            </accessor>
          </technique_common>
        </source>
        <vertices id="meshesQ14S-vertices">
          <input semantic="POSITION" source="#meshesQ14S-positions" />
        </vertices>
        <polylist count="12" material="defaultMaterial">
          <input offset="0" semantic="VERTEX" source="#meshesQ14S-vertices" />
          <input offset="0" semantic="NORMAL" source="#meshesQ14S-normals" />
          <vcount>3 3 3 3 3 3 3 3 3 3 3 3 </vcount>
          <p>0 1 2 2 3 0 4 5 6 6 7 4 8 9 10 10 11 8 12 13 14 14 15 12 16 17 18 18 19 16 20 21 22 22 23 20 </p>
        </polylist>
      </mesh>
    </geometry>
    <geometry id="meshesQ15S" name="meshes[15]" >
      <mesh>
        <source id="meshesQ15S-positions" name="meshesQ15S-positions">
          <float_array id="meshesQ15S-positions-array" count="72"> -0.191272736 -0.104783744 -51.3380661 0.401226521 -0.104783744 -51.3380661 0.401226521 0.104783744 -51.3380661 -0.191272736 0.104783744 -51.3380661 -0.191272736 0.104783744 -51.3380661 0.401226521 0.104783744 -51.3380661 0.401226521 0.104783744 -64.0953293 -0.191272736 0.104783744 -64.0953293 -0.191272736 0.104783744 -64.0953293 0.401226521 0.104783744 -64.0953293 0.401226521 -0.104783744 -64.0953293 -0.191272736 -0.104783744 -64.0953293 -0.191272736 -0.104783744 -64.0953293 0.401226521 -0.104783744 -64.0953293 0.401226521 -0.104783744 -51.3380661 -0.191272736 -0.104783744 -51.3380661 0.401226521 -0.104783744 -51.3380661 0.401226521 -0.104783744 -64.0953293 0.401226521 0.104783744 -64.0953293 0.401226521 0.104783744 -51.3380661 -0.191272736 -0.104783744 -64.0953293 -0.191272736 -0.104783744 -51.3380661 -0.191272736 0.104783744 -51.3380661 -0.191272736 0.104783744 -64.0953293 </float_array>
          <technique_common>
            <accessor count="24" offset="0" source="#meshesQ15S-positions-array" stride="3">
              <param name="X" type="float" />
              <param name="Y" type="float" />
              <param name="Z" type="float" />
            </accessor>
          </technique_common>
        </source>
        <source id="meshesQ15S-normals" name="meshesQ15S-normals">
          <float_array id="meshesQ15S-normals-array" count="72"> 0 0 1 0 0 1 0 0 1 0 0 1 0 1 0 0 1 0 0 1 0 0 1 0 0 0 -1 0 0 -1 0 0 -1 0 0 -1 0 -1 0 0 -1 0 0 -1 0 0 -1 0 1 0 0 1 0 0 1 0 0 1 0 0 -1 0 0 -1 0 0 -1 0 0 -1 0 0 </float_array>
          <technique_common>
            <accessor count="24" offset="0" source="#meshesQ15S-normals-array" stride="3">
              <param name="X" type="float" />
              <param name="Y" type="float" />
              <param name="Z" type="float" />
            </accessor>
          </technique_common>
        </source>
        <vertices id="meshesQ15S-vertices">
          <input semantic="POSITION" source="#meshesQ15S-positions" />
        </vertices>
        <polylist count="12" material="defaultMaterial">
          <input offset="0" semantic="VERTEX" source="#meshesQ15S-vertices" />
          <input offset="0" semantic="NORMAL" source="#meshesQ15S-normals" />
          <vcount>3 3 3 3 3 3 3 3 3 3 3 3 </vcount>
          <p>0 1 2 2 3 0 4 5 6 6 7 4 8 9 10 10 11 8 12 13 14 14 15 12 16 17 18 18 19 16 20 21 22 22 23 20 </p>
        </polylist>
      </mesh>
    </geometry>
    <geometry id="meshesQ16S" name="meshes[16]" >
      <mesh>
        <source id="meshesQ16S-positions" name="meshesQ16S-positions">
          <float_array id="meshesQ16S-positions-array" count="72"> -0.344802856 -0.104783744 -51.0800934 0.191272736 -0.104783744 -51.0800896 0.191272736 0.104783744 -51.0800896 -0.344802856 0.104783744 -51.0800934 -0.344802856 0.104783744 -51.0800934 0.191272736 0.104783744 -51.0800896 0.191272736 0.104783744 -64.0953293 -0.344802856 0.104783744 -64.0953293 -0.344802856 0.104783744 -64.0953293 0.191272736 0.104783744 -64.0953293 0.191272736 -0.104783744 -64.0953293 -0.344802856 -0.104783744 -64.0953293 -0.344802856 -0.104783744 -64.0953293 0.191272736 -0.104783744 -64.0953293 0.191272736 -0.104783744 -51.0800896 -0.344802856 -0.104783744 -51.0800934 0.191272736 -0.104783744 -51.0800896 0.191272736 -0.104783744 -64.0953293 0.191272736 0.104783744 -64.0953293 0.191272736 0.104783744 -51.0800896 -0.344802856 -0.104783744 -64.0953293 -0.344802856 -0.104783744 -51.0800934 -0.344802856 0.104783744 -51.0800934 -0.344802856 0.104783744 -64.0953293 </float_array>
          <technique_common>
            <accessor count="24" offset="0" source="#meshesQ16S-positions-array" stride="3">
              <param name="X" type="float" />
              <param name="Y" type="float" />
              <param name="Z" type="float" />
            </accessor>
          </technique_common>
        </source>
        <source id="meshesQ16S-normals" name="meshesQ16S-normals">
          <float_array id="meshesQ16S-normals-array" count="72"> -8.48887521e-06 0 1 -8.48887521e-06 0 1 -8.48887521e-06 0 1 -8.48887521e-06 0 1 0 1 0 0 1 0 0 1 0 0 1 0 0 0 -1 0 0 -1 0 0 -1 0 0 -1 0 -1 0 0 -1 0 0 -1 0 0 -1 0 1 0 0 1 0 0 1 0 0 1 0 0 -1 0 0 -1 0 0 -1 0 0 -1 0 0 </float_array>
          <technique_common>
            <accessor count="24" offset="0" source="#meshesQ16S-normals-array" stride="3">
              <param name="X" type="float" />
              <param name="Y" type="float" />
              <param name="Z" type="float" />
            </accessor>
          </technique_common>
        </source>
        <vertices id="meshesQ16S-vertices">
          <input semantic="POSITION" source="#meshesQ16S-positions" />
        </vertices>
        <polylist count="12" material="defaultMaterial">
          <input offset="0" semantic="VERTEX" source="#meshesQ16S-vertices" />
          <input offset="0" semantic="NORMAL" source="#meshesQ16S-normals" />
          <vcount>3 3 3 3 3 3 3 3 3 3 3 3 </vcount>
          <p>0 1 2 2 3 0 4 5 6 6 7 4 8 9 10 10 11 8 12 13 14 14 15 12 16 17 18 18 19 16 20 21 22 22 23 20 </p>
        </polylist>
      </mesh>
    </geometry>
    <geometry id="meshesQ17S" name="meshes[17]" >
      <mesh>
        <source id="meshesQ17S-positions" name="meshesQ17S-positions">
          <float_array id="meshesQ17S-positions-array" count="72"> -0.41230011 -0.104783744 -51.0800896 0.41230011 -0.104783744 -51.0800896 0.41230011 0.104783744 -51.0800896 -0.41230011 0.104783744 -51.0800896 -0.41230011 0.104783744 -51.0800896 0.41230011 0.104783744 -51.0800896 0.41230011 0.104783744 -73.4990005 -0.41230011 0.104783744 -73.4990005 -0.41230011 0.104783744 -73.4990005 0.41230011 0.104783744 -73.4990005 0.41230011 -0.104783744 -73.4990005 -0.41230011 -0.104783744 -73.4990005 -0.41230011 -0.104783744 -73.4990005 0.41230011 -0.104783744 -73.4990005 0.41230011 -0.104783744 -51.0800896 -0.41230011 -0.104783744 -51.0800896 0.41230011 -0.104783744 -51.0800896 0.41230011 -0.104783744 -73.4990005 0.41230011 0.104783744 -73.4990005 0.41230011 0.104783744 -51.0800896 -0.41230011 -0.104783744 -73.4990005 -0.41230011 -0.104783744 -51.0800896 -0.41230011 0.104783744 -51.0800896 -0.41230011 0.104783744 -73.4990005 </float_array>
          <technique_common>
            <accessor count="24" offset="0" source="#meshesQ17S-positions-array" stride="3">
              <param name="X" type="float" />
              <param name="Y" type="float" />
              <param name="Z" type="float" />
            </accessor>
          </technique_common>
        </source>
        <source id="meshesQ17S-normals" name="meshesQ17S-normals">
          <float_array id="meshesQ17S-normals-array" count="72"> 0 0 1 0 0 1 0 0 1 0 0 1 0 1 0 0 1 0 0 1 0 0 1 0 0 0 -1 0 0 -1 0 0 -1 0 0 -1 0 -1 0 0 -1 0 0 -1 0 0 -1 0 1 0 0 1 0 0 1 0 0 1 0 0 -1 0 0 -1 0 0 -1 0 0 -1 0 0 </float_array>
          <technique_common>
            <accessor count="24" offset="0" source="#meshesQ17S-normals-array" stride="3">
              <param name="X" type="float" />
              <param name="Y" type="float" />
              <param name="Z" type="float" />
            </accessor>
          </technique_common>
        </source>
        <vertices id="meshesQ17S-vertices">
          <input semantic="POSITION" source="#meshesQ17S-positions" />
        </vertices>
        <polylist count="12" material="defaultMaterial">
          <input offset="0" semantic="VERTEX" source="#meshesQ17S-vertices" />
          <input offset="0" semantic="NORMAL" source="#meshesQ17S-normals" />
          <vcount>3 3 3 3 3 3 3 3 3 3 3 3 </vcount>
          <p>0 1 2 2 3 0 4 5 6 6 7 4 8 9 10 10 11 8 12 13 14 14 15 12 16 17 18 18 19 16 20 21 22 22 23 20 </p>
        </polylist>
      </mesh>
    </geometry>
    <geometry id="meshesQ18S" name="meshes[18]" >
      <mesh>
        <source id="meshesQ18S-positions" name="meshesQ18S-positions">
          <float_array id="meshesQ18S-positions-array" count="72"> -0.388922215 -0.104783744 -51.5335732 0.388922215 -0.104783744 -51.5335732 0.388922215 0.104783744 -51.5335732 -0.388922215 0.104783744 -51.5335732 -0.388922215 0.104783744 -51.5335732 0.388922215 0.104783744 -51.5335732 0.388922215 0.104783744 -64.3941727 -0.388922215 0.104783744 -64.3941727 -0.388922215 0.104783744 -64.3941727 0.388922215 0.104783744 -64.3941727 0.388922215 -0.104783744 -64.3941727 -0.388922215 -0.104783744 -64.3941727 -0.388922215 -0.104783744 -64.3941727 0.388922215 -0.104783744 -64.3941727 0.388922215 -0.104783744 -51.5335732 -0.388922215 -0.104783744 -51.5335732 0.388922215 -0.104783744 -51.5335732 0.388922215 -0.104783744 -64.3941727 0.388922215 0.104783744 -64.3941727 0.388922215 0.104783744 -51.5335732 -0.388922215 -0.104783744 -64.3941727 -0.388922215 -0.104783744 -51.5335732 -0.388922215 0.104783744 -51.5335732 -0.388922215 0.104783744 -64.3941727 </float_array>
          <technique_common>
            <accessor count="24" offset="0" source="#meshesQ18S-positions-array" stride="3">
              <param name="X" type="float" />
              <param name="Y" type="float" />
              <param name="Z" type="float" />
            </accessor>
          </technique_common>
        </source>
        <source id="meshesQ18S-normals" name="meshesQ18S-normals">
          <float_array id="meshesQ18S-normals-array" count="72"> 0 0 1 0 0 1 0 0 1 0 0 1 0 1 0 0 1 0 0 1 0 0 1 0 0 0 -1 0 0 -1 0 0 -1 0 0 -1 0 -1 0 0 -1 0 0 -1 0 0 -1 0 1 0 0 1 0 0 1 0 0 1 0 0 -1 0 0 -1 0 0 -1 0 0 -1 0 0 </float_array>
          <technique_common>
            <accessor count="24" offset="0" source="#meshesQ18S-normals-array" stride="3">
              <param name="X" type="float" />
              <param name="Y" type="float" />
              <param name="Z" type="float" />
            </accessor>
          </technique_common>
        </source>
        <vertices id="meshesQ18S-vertices">
          <input semantic="POSITION" source="#meshesQ18S-positions" />
        </vertices>
        <polylist count="12" material="defaultMaterial">
          <input offset="0" semantic="VERTEX" source="#meshesQ18S-vertices" />
          <input offset="0" semantic="NORMAL" source="#meshesQ18S-normals" />
          <vcount>3 3 3 3 3 3 3 3 3 3 3 3 </vcount>
          <p>0 1 2 2 3 0 4 5 6 6 7 4 8 9 10 10 11 8 12 13 14 14 15 12 16 17 18 18 19 16 20 21 22 22 23 20 </p>
        </polylist>
      </mesh>
    </geometry>
    <geometry id="meshesQ19S" name="meshes[19]" >
      <mesh>
        <source id="meshesQ19S-positions" name="meshesQ19S-positions">
          <float_array id="meshesQ19S-positions-array" count="72"> -0.395794868 -0.104783744 -52.3710098 0.395794868 -0.104783744 -52.3710098 0.395794868 0.104783744 -52.3710098 -0.395794868 0.104783744 -52.3710098 -0.395794868 0.104783744 -52.3710098 0.395794868 0.104783744 -52.3710098 0.395794868 0.104783744 -63.2578888 -0.395794868 0.104783744 -63.2578888 -0.395794868 0.104783744 -63.2578888 0.395794868 0.104783744 -63.2578888 0.395794868 -0.104783744 -63.2578888 -0.395794868 -0.104783744 -63.2578888 -0.395794868 -0.104783744 -63.2578888 0.395794868 -0.104783744 -63.2578888 0.395794868 -0.104783744 -52.3710098 -0.395794868 -0.104783744 -52.3710098 0.395794868 -0.104783744 -52.3710098 0.395794868 -0.104783744 -63.2578888 0.395794868 0.104783744 -63.2578888 0.395794868 0.104783744 -52.3710098 -0.395794868 -0.104783744 -63.2578888 -0.395794868 -0.104783744 -52.3710098 -0.395794868 0.104783744 -52.3710098 -0.395794868 0.104783744 -63.2578888 </float_array>
          <technique_common>
            <accessor count="24" offset="0" source="#meshesQ19S-positions-array" stride="3">
              <param name="X" type="float" />
              <param name="Y" type="float" />
              <param name="Z" type="float" />
            </accessor>
          </technique_common>
        </source>
        <source id="meshesQ19S-normals" name="meshesQ19S-normals">
          <float_array id="meshesQ19S-normals-array" count="72"> 0 0 1 0 0 1 0 0 1 0 0 1 0 1 0 0 1 0 0 1 0 0 1 0 0 0 -1 0 0 -1 0 0 -1 0 0 -1 0 -1 0 0 -1 0 0 -1 0 0 -1 0 1 0 0 1 0 0 1 0 0 1 0 0 -1 0 0 -1 0 0 -1 0 0 -1 0 0 </float_array>
          <technique_common>
            <accessor count="24" offset="0" source="#meshesQ19S-normals-array" stride="3">
              <param name="X" type="float" />
              <param name="Y" type="float" />
              <param name="Z" type="float" />
            </accessor>
          </technique_common>
        </source>
        <vertices id="meshesQ19S-vertices">
          <input semantic="POSITION" source="#meshesQ19S-positions" />
        </vertices>
        <polylist count="12" material="defaultMaterial">
          <input offset="0" semantic="VERTEX" source="#meshesQ19S-vertices" />
          <input offset="0" semantic="NORMAL" source="#meshesQ19S-normals" />
          <vcount>3 3 3 3 3 3 3 3 3 3 3 3 </vcount>
          <p>0 1 2 2 3 0 4 5 6 6 7 4 8 9 10 10 11 8 12 13 14 14 15 12 16 17 18 18 19 16 20 21 22 22 23 20 </p>
        </polylist>
      </mesh>
    </geometry>
    <geometry id="meshesQ20S" name="meshes[20]" >
      <mesh>
        <source id="meshesQ20S-positions" name="meshesQ20S-positions">
          <float_array id="meshesQ20S-positions-array" count="72"> -0.340041161 -0.104783744 -46.6086769 0.340041161 -0.104783744 -46.6086769 0.340041161 0.104783744 -46.6086769 -0.340041161 0.104783744 -46.6086769 -0.340041161 0.104783744 -46.6086769 0.340041161 0.104783744 -46.6086769 0.340041161 0.104783744 -64.0953293 -0.340041161 0.104783744 -64.0953293 -0.340041161 0.104783744 -64.0953293 0.340041161 0.104783744 -64.0953293 0.340041161 -0.104783744 -64.0953293 -0.340041161 -0.104783744 -64.0953293 -0.340041161 -0.104783744 -64.0953293 0.340041161 -0.104783744 -64.0953293 0.340041161 -0.104783744 -46.6086769 -0.340041161 -0.104783744 -46.6086769 0.340041161 -0.104783744 -46.6086769 0.340041161 -0.104783744 -64.0953293 0.340041161 0.104783744 -64.0953293 0.340041161 0.104783744 -46.6086769 -0.340041161 -0.104783744 -64.0953293 -0.340041161 -0.104783744 -46.6086769 -0.340041161 0.104783744 -46.6086769 -0.340041161 0.104783744 -64.0953293 </float_array>
          <technique_common>
            <accessor count="24" offset="0" source="#meshesQ20S-positions-array" stride="3">
              <param name="X" type="float" />
              <param name="Y" type="float" />
              <param name="Z" type="float" />
            </accessor>
          </technique_common>
        </source>
        <source id="meshesQ20S-normals" name="meshesQ20S-normals">
          <float_array id="meshesQ20S-normals-array" count="72"> 0 0 1 0 0 1 0 0 1 0 0 1 0 1 0 0 1 0 0 1 0 0 1 0 0 0 -1 0 0 -1 0 0 -1 0 0 -1 0 -1 0 0 -1 0 0 -1 0 0 -1 0 1 0 0 1 0 0 1 0 0 1 0 0 -1 0 0 -1 0 0 -1 0 0 -1 0 0 </float_array>
          <technique_common>
            <accessor count="24" offset="0" source="#meshesQ20S-normals-array" stride="3">
              <param name="X" type="float" />
              <param name="Y" type="float" />
              <param name="Z" type="float" />
            </accessor>
          </technique_common>
        </source>
        <vertices id="meshesQ20S-vertices">
          <input semantic="POSITION" source="#meshesQ20S-positions" />
        </vertices>
        <polylist count="12" material="defaultMaterial">
          <input offset="0" semantic="VERTEX" source="#meshesQ20S-vertices" />
          <input offset="0" semantic="NORMAL" source="#meshesQ20S-normals" />
          <vcount>3 3 3 3 3 3 3 3 3 3 3 3 </vcount>
          <p>0 1 2 2 3 0 4 5 6 6 7 4 8 9 10 10 11 8 12 13 14 14 15 12 16 17 18 18 19 16 20 21 22 22 23 20 </p>
        </polylist>
      </mesh>
    </geometry>
    <geometry id="meshesQ21S" name="meshes[21]" >
      <mesh>
        <source id="meshesQ21S-positions" name="meshesQ21S-positions">
          <float_array id="meshesQ21S-positions-array" count="72"> -0.351376057 -0.104783744 -52.3710098 0.351376057 -0.104783744 -52.3710098 0.351376057 0.104783744 -52.3710098 -0.351376057 0.104783744 -52.3710098 -0.351376057 0.104783744 -52.3710098 0.351376057 0.104783744 -52.3710098 0.351376057 0.104783744 -62.5738754 -0.351376057 0.104783744 -62.5738754 -0.351376057 0.104783744 -62.5738754 0.351376057 0.104783744 -62.5738754 0.351376057 -0.104783744 -62.5738754 -0.351376057 -0.104783744 -62.5738754 -0.351376057 -0.104783744 -62.5738754 0.351376057 -0.104783744 -62.5738754 0.351376057 -0.104783744 -52.3710098 -0.351376057 -0.104783744 -52.3710098 0.351376057 -0.104783744 -52.3710098 0.351376057 -0.104783744 -62.5738754 0.351376057 0.104783744 -62.5738754 0.351376057 0.104783744 -52.3710098 -0.351376057 -0.104783744 -62.5738754 -0.351376057 -0.104783744 -52.3710098 -0.351376057 0.104783744 -52.3710098 -0.351376057 0.104783744 -62.5738754 </float_array>
          <technique_common>
            <accessor count="24" offset="0" source="#meshesQ21S-positions-array" stride="3">
              <param name="X" type="float" />
              <param name="Y" type="float" />
              <param name="Z" type="float" />
            </accessor>
          </technique_common>
        </source>
        <source id="meshesQ21S-normals" name="meshesQ21S-normals">
          <float_array id="meshesQ21S-normals-array" count="72"> 0 0 1 0 0 1 0 0 1 0 0 1 0 1 0 0 1 0 0 1 0 0 1 0 0 0 -1 0 0 -1 0 0 -1 0 0 -1 0 -1 0 0 -1 0 0 -1 0 0 -1 0 1 0 0 1 0 0 1 0 0 1 0 0 -1 0 0 -1 0 0 -1 0 0 -1 0 0 </float_array>
          <technique_common>
            <accessor count="24" offset="0" source="#meshesQ21S-normals-array" stride="3">
              <param name="X" type="float" />
              <param name="Y" type="float" />
              <param name="Z" type="float" />
            </accessor>
          </technique_common>
        </source>
        <vertices id="meshesQ21S-vertices">
          <input semantic="POSITION" source="#meshesQ21S-positions" />
        </vertices>
        <polylist count="12" material="defaultMaterial">
          <input offset="0" semantic="VERTEX" source="#meshesQ21S-vertices" />
          <input offset="0" semantic="NORMAL" source="#meshesQ21S-normals" />
          <vcount>3 3 3 3 3 3 3 3 3 3 3 3 </vcount>
          <p>0 1 2 2 3 0 4 5 6 6 7 4 8 9 10 10 11 8 12 13 14 14 15 12 16 17 18 18 19 16 20 21 22 22 23 20 </p>
        </polylist>
      </mesh>
    </geometry>
    <geometry id="meshesQ22S" name="meshes[22]" >
      <mesh>
        <source id="meshesQ22S-positions" name="meshesQ22S-positions">
          <float_array id="meshesQ22S-positions-array" count="72"> -0.386796951 -0.104783744 -52.3710098 0.386796951 -0.104783744 -52.3710098 0.386796951 0.104783744 -52.3710098 -0.386796951 0.104783744 -52.3710098 -0.386796951 0.104783744 -52.3710098 0.386796951 0.104783744 -52.3710098 0.386796951 0.104783744 -67.2031708 -0.386796951 0.104783744 -67.2031708 -0.386796951 0.104783744 -67.2031708 0.386796951 0.104783744 -67.2031708 0.386796951 -0.104783744 -67.2031708 -0.386796951 -0.104783744 -67.2031708 -0.386796951 -0.104783744 -67.2031708 0.386796951 -0.104783744 -67.2031708 0.386796951 -0.104783744 -52.3710098 -0.386796951 -0.104783744 -52.3710098 0.386796951 -0.104783744 -52.3710098 0.386796951 -0.104783744 -67.2031708 0.386796951 0.104783744 -67.2031708 0.386796951 0.104783744 -52.3710098 -0.386796951 -0.104783744 -67.2031708 -0.386796951 -0.104783744 -52.3710098 -0.386796951 0.104783744 -52.3710098 -0.386796951 0.104783744 -67.2031708 </float_array>
          <technique_common>
            <accessor count="24" offset="0" source="#meshesQ22S-positions-array" stride="3">
              <param name="X" type="float" />
              <param name="Y" type="float" />
              <param name="Z" type="float" />
            </accessor>
          </technique_common>
        </source>
        <source id="meshesQ22S-normals" name="meshesQ22S-normals">
          <float_array id="meshesQ22S-normals-array" count="72"> 0 0 1 0 0 1 0 0 1 0 0 1 0 1 0 0 1 0 0 1 0 0 1 0 0 0 -1 0 0 -1 0 0 -1 0 0 -1 0 -1 0 0 -1 0 0 -1 0 0 -1 0 1 0 0 1 0 0 1 0 0 1 0 0 -1 0 0 -1 0 0 -1 0 0 -1 0 0 </float_array>
          <technique_common>
            <accessor count="24" offset="0" source="#meshesQ22S-normals-array" stride="3">
              <param name="X" type="float" />
              <param name="Y" type="float" />
              <param name="Z" type="float" />
            </accessor>
          </technique_common>
        </source>
        <vertices id="meshesQ22S-vertices">
          <input semantic="POSITION" source="#meshesQ22S-positions" />
        </vertices>
        <polylist count="12" material="defaultMaterial">
          <input offset="0" semantic="VERTEX" source="#meshesQ22S-vertices" />
          <input offset="0" semantic="NORMAL" source="#meshesQ22S-normals" />
          <vcount>3 3 3 3 3 3 3 3 3 3 3 3 </vcount>
          <p>0 1 2 2 3 0 4 5 6 6 7 4 8 9 10 10 11 8 12 13 14 14 15 12 16 17 18 18 19 16 20 21 22 22 23 20 </p>
        </polylist>
      </mesh>
    </geometry>
    <geometry id="meshesQ23S" name="meshes[23]" >
      <mesh>
        <source id="meshesQ23S-positions" name="meshesQ23S-positions">
          <float_array id="meshesQ23S-positions-array" count="72"> -0.350667477 -0.104783744 -46.6086769 0.350667477 -0.104783744 -46.6086769 0.350667477 0.104783744 -46.6086769 -0.350667477 0.104783744 -46.6086769 -0.350667477 0.104783744 -46.6086769 0.350667477 0.104783744 -46.6086769 0.350667477 0.104783744 -64.0953293 -0.350667477 0.104783744 -64.0953293 -0.350667477 0.104783744 -64.0953293 0.350667477 0.104783744 -64.0953293 0.350667477 -0.104783744 -64.0953293 -0.350667477 -0.104783744 -64.0953293 -0.350667477 -0.104783744 -64.0953293 0.350667477 -0.104783744 -64.0953293 0.350667477 -0.104783744 -46.6086769 -0.350667477 -0.104783744 -46.6086769 0.350667477 -0.104783744 -46.6086769 0.350667477 -0.104783744 -64.0953293 0.350667477 0.104783744 -64.0953293 0.350667477 0.104783744 -46.6086769 -0.350667477 -0.104783744 -64.0953293 -0.350667477 -0.104783744 -46.6086769 -0.350667477 0.104783744 -46.6086769 -0.350667477 0.104783744 -64.0953293 </float_array>
          <technique_common>
            <accessor count="24" offset="0" source="#meshesQ23S-positions-array" stride="3">
              <param name="X" type="float" />
              <param name="Y" type="float" />
              <param name="Z" type="float" />
            </accessor>
          </technique_common>
        </source>
        <source id="meshesQ23S-normals" name="meshesQ23S-normals">
          <float_array id="meshesQ23S-normals-array" count="72"> 0 0 1 0 0 1 0 0 1 0 0 1 0 1 0 0 1 0 0 1 0 0 1 0 0 0 -1 0 0 -1 0 0 -1 0 0 -1 0 -1 0 0 -1 0 0 -1 0 0 -1 0 1 0 0 1 0 0 1 0 0 1 0 0 -1 0 0 -1 0 0 -1 0 0 -1 0 0 </float_array>
          <technique_common>
            <accessor count="24" offset="0" source="#meshesQ23S-normals-array" stride="3">
              <param name="X" type="float" />
              <param name="Y" type="float" />
              <param name="Z" type="float" />
            </accessor>
          </technique_common>
        </source>
        <vertices id="meshesQ23S-vertices">
          <input semantic="POSITION" source="#meshesQ23S-positions" />
        </vertices>
        <polylist count="12" material="defaultMaterial">
          <input offset="0" semantic="VERTEX" source="#meshesQ23S-vertices" />
          <input offset="0" semantic="NORMAL" source="#meshesQ23S-normals" />
          <vcount>3 3 3 3 3 3 3 3 3 3 3 3 </vcount>
          <p>0 1 2 2 3 0 4 5 6 6 7 4 8 9 10 10 11 8 12 13 14 14 15 12 16 17 18 18 19 16 20 21 22 22 23 20 </p>
        </polylist>
      </mesh>
    </geometry>
    <geometry id="meshesQ24S" name="meshes[24]" >
      <mesh>
        <source id="meshesQ24S-positions" name="meshesQ24S-positions">
          <float_array id="meshesQ24S-positions-array" count="72"> -0.316663265 -0.104783744 -52.5234718 0.316663265 -0.104783744 -52.5234718 0.316663265 0.104783744 -52.5234718 -0.316663265 0.104783744 -52.5234718 -0.316663265 0.104783744 -52.5234718 0.316663265 0.104783744 -52.5234718 0.316663265 0.104783744 -60.658638 -0.316663265 0.104783744 -60.658638 -0.316663265 0.104783744 -60.658638 0.316663265 0.104783744 -60.658638 0.316663265 -0.104783744 -60.658638 -0.316663265 -0.104783744 -60.658638 -0.316663265 -0.104783744 -60.658638 0.316663265 -0.104783744 -60.658638 0.316663265 -0.104783744 -52.5234718 -0.316663265 -0.104783744 -52.5234718 0.316663265 -0.104783744 -52.5234718 0.316663265 -0.104783744 -60.658638 0.316663265 0.104783744 -60.658638 0.316663265 0.104783744 -52.5234718 -0.316663265 -0.104783744 -60.658638 -0.316663265 -0.104783744 -52.5234718 -0.316663265 0.104783744 -52.5234718 -0.316663265 0.104783744 -60.658638 </float_array>
          <technique_common>
            <accessor count="24" offset="0" source="#meshesQ24S-positions-array" stride="3">
              <param name="X" type="float" />
              <param name="Y" type="float" />
              <param name="Z" type="float" />
            </accessor>
          </technique_common>
        </source>
        <source id="meshesQ24S-normals" name="meshesQ24S-normals">
          <float_array id="meshesQ24S-normals-array" count="72"> 0 0 1 0 0 1 0 0 1 0 0 1 0 1 0 0 1 0 0 1 0 0 1 0 0 0 -1 0 0 -1 0 0 -1 0 0 -1 0 -1 0 0 -1 0 0 -1 0 0 -1 0 1 0 0 1 0 0 1 0 0 1 0 0 -1 0 0 -1 0 0 -1 0 0 -1 0 0 </float_array>
          <technique_common>
            <accessor count="24" offset="0" source="#meshesQ24S-normals-array" stride="3">
              <param name="X" type="float" />
              <param name="Y" type="float" />
              <param name="Z" type="float" />
            </accessor>
          </technique_common>
        </source>
        <vertices id="meshesQ24S-vertices">
          <input semantic="POSITION" source="#meshesQ24S-positions" />
        </vertices>
        <polylist count="12" material="defaultMaterial">
          <input offset="0" semantic="VERTEX" source="#meshesQ24S-vertices" />
          <input offset="0" semantic="NORMAL" source="#meshesQ24S-normals" />
          <vcount>3 3 3 3 3 3 3 3 3 3 3 3 </vcount>
          <p>0 1 2 2 3 0 4 5 6 6 7 4 8 9 10 10 11 8 12 13 14 14 15 12 16 17 18 18 19 16 20 21 22 22 23 20 </p>
        </polylist>
      </mesh>
    </geometry>
    <geometry id="meshesQ25S" name="meshes[25]" >
      <mesh>
        <source id="meshesQ25S-positions" name="meshesQ25S-positions">
          <float_array id="meshesQ25S-positions-array" count="72"> -0.374045372 -0.104783744 -46.6086769 0.374045372 -0.104783744 -46.6086769 0.374045372 0.104783744 -46.6086769 -0.374045372 0.104783744 -46.6086769 -0.374045372 0.104783744 -46.6086769 0.374045372 0.104783744 -46.6086769 0.374045372 0.104783744 -64.0953293 -0.374045372 0.104783744 -64.0953293 -0.374045372 0.104783744 -64.0953293 0.374045372 0.104783744 -64.0953293 0.374045372 -0.104783744 -64.0953293 -0.374045372 -0.104783744 -64.0953293 -0.374045372 -0.104783744 -64.0953293 0.374045372 -0.104783744 -64.0953293 0.374045372 -0.104783744 -46.6086769 -0.374045372 -0.104783744 -46.6086769 0.374045372 -0.104783744 -46.6086769 0.374045372 -0.104783744 -64.0953293 0.374045372 0.104783744 -64.0953293 0.374045372 0.104783744 -46.6086769 -0.374045372 -0.104783744 -64.0953293 -0.374045372 -0.104783744 -46.6086769 -0.374045372 0.104783744 -46.6086769 -0.374045372 0.104783744 -64.0953293 </float_array>
          <technique_common>
            <accessor count="24" offset="0" source="#meshesQ25S-positions-array" stride="3">
              <param name="X" type="float" />
              <param name="Y" type="float" />
              <param name="Z" type="float" />
            </accessor>
          </technique_common>
        </source>
        <source id="meshesQ25S-normals" name="meshesQ25S-normals">
          <float_array id="meshesQ25S-normals-array" count="72"> 0 0 1 0 0 1 0 0 1 0 0 1 0 1 0 0 1 0 0 1 0 0 1 0 0 0 -1 0 0 -1 0 0 -1 0 0 -1 0 -1 0 0 -1 0 0 -1 0 0 -1 0 1 0 0 1 0 0 1 0 0 1 0 0 -1 0 0 -1 0 0 -1 0 0 -1 0 0 </float_array>
          <technique_common>
            <accessor count="24" offset="0" source="#meshesQ25S-normals-array" stride="3">
              <param name="X" type="float" />
              <param name="Y" type="float" />
              <param name="Z" type="float" />
            </accessor>
          </technique_common>
        </source>
        <vertices id="meshesQ25S-vertices">
          <input semantic="POSITION" source="#meshesQ25S-positions" />
        </vertices>
        <polylist count="12" material="defaultMaterial">
          <input offset="0" semantic="VERTEX" source="#meshesQ25S-vertices" />
          <input offset="0" semantic="NORMAL" source="#meshesQ25S-normals" />
          <vcount>3 3 3 3 3 3 3 3 3 3 3 3 </vcount>
          <p>0 1 2 2 3 0 4 5 6 6 7 4 8 9 10 10 11 8 12 13 14 14 15 12 16 17 18 18 19 16 20 21 22 22 23 20 </p>
        </polylist>
      </mesh>
    </geometry>
    <geometry id="meshesQ26S" name="meshes[26]" >
      <mesh>
        <source id="meshesQ26S-positions" name="meshesQ26S-positions">
          <float_array id="meshesQ26S-positions-array" count="72"> -0.369794846 -0.104783744 -46.5645638 0.369794846 -0.104783744 -46.5645638 0.369794846 0.104783744 -46.5645638 -0.369794846 0.104783744 -46.5645638 -0.369794846 0.104783744 -46.5645638 0.369794846 0.104783744 -46.5645638 0.369794846 0.104783744 -60.658638 -0.369794846 0.104783744 -60.658638 -0.369794846 0.104783744 -60.658638 0.369794846 0.104783744 -60.658638 0.369794846 -0.104783744 -60.658638 -0.369794846 -0.104783744 -60.658638 -0.369794846 -0.104783744 -60.658638 0.369794846 -0.104783744 -60.658638 0.369794846 -0.104783744 -46.5645638 -0.369794846 -0.104783744 -46.5645638 0.369794846 -0.104783744 -46.5645638 0.369794846 -0.104783744 -60.658638 0.369794846 0.104783744 -60.658638 0.369794846 0.104783744 -46.5645638 -0.369794846 -0.104783744 -60.658638 -0.369794846 -0.104783744 -46.5645638 -0.369794846 0.104783744 -46.5645638 -0.369794846 0.104783744 -60.658638 </float_array>
          <technique_common>
            <accessor count="24" offset="0" source="#meshesQ26S-positions-array" stride="3">
              <param name="X" type="float" />
              <param name="Y" type="float" />
              <param name="Z" type="float" />
            </accessor>
          </technique_common>
        </source>
        <source id="meshesQ26S-normals" name="meshesQ26S-normals">
          <float_array id="meshesQ26S-normals-array" count="72"> 0 0 1 0 0 1 0 0 1 0 0 1 0 1 0 0 1 0 0 1 0 0 1 0 0 0 -1 0 0 -1 0 0 -1 0 0 -1 0 -1 0 0 -1 0 0 -1 0 0 -1 0 1 0 0 1 0 0 1 0 0 1 0 0 -1 0 0 -1 0 0 -1 0 0 -1 0 0 </float_array>
          <technique_common>
            <accessor count="24" offset="0" source="#meshesQ26S-normals-array" stride="3">
              <param name="X" type="float" />
              <param name="Y" type="float" />
              <param name="Z" type="float" />
            </accessor>
          </technique_common>
        </source>
        <vertices id="meshesQ26S-vertices">
          <input semantic="POSITION" source="#meshesQ26S-positions" />
        </vertices>
        <polylist count="12" material="defaultMaterial">
          <input offset="0" semantic="VERTEX" source="#meshesQ26S-vertices" />
          <input offset="0" semantic="NORMAL" source="#meshesQ26S-normals" />
          <vcount>3 3 3 3 3 3 3 3 3 3 3 3 </vcount>
          <p>0 1 2 2 3 0 4 5 6 6 7 4 8 9 10 10 11 8 12 13 14 14 15 12 16 17 18 18 19 16 20 21 22 22 23 20 </p>
        </polylist>
      </mesh>
    </geometry>
    <geometry id="meshesQ27S" name="meshes[27]" >
      <mesh>
        <source id="meshesQ27S-positions" name="meshesQ27S-positions">
          <float_array id="meshesQ27S-positions-array" count="72"> -0.459055901 -0.104783744 -44.3564987 0.459055901 -0.104783744 -44.3564987 0.459055901 0.104783744 -44.3564987 -0.459055901 0.104783744 -44.3564987 -0.459055901 0.104783744 -44.3564987 0.459055901 0.104783744 -44.3564987 0.459055901 0.104783744 -66.8293762 -0.459055901 0.104783744 -66.8293762 -0.459055901 0.104783744 -66.8293762 0.459055901 0.104783744 -66.8293762 0.459055901 -0.104783744 -66.8293762 -0.459055901 -0.104783744 -66.8293762 -0.459055901 -0.104783744 -66.8293762 0.459055901 -0.104783744 -66.8293762 0.459055901 -0.104783744 -44.3564987 -0.459055901 -0.104783744 -44.3564987 0.459055901 -0.104783744 -44.3564987 0.459055901 -0.104783744 -66.8293762 0.459055901 0.104783744 -66.8293762 0.459055901 0.104783744 -44.3564987 -0.459055901 -0.104783744 -66.8293762 -0.459055901 -0.104783744 -44.3564987 -0.459055901 0.104783744 -44.3564987 -0.459055901 0.104783744 -66.8293762 </float_array>
          <technique_common>
            <accessor count="24" offset="0" source="#meshesQ27S-positions-array" stride="3">
              <param name="X" type="float" />
              <param name="Y" type="float" />
              <param name="Z" type="float" />
            </accessor>
          </technique_common>
        </source>
        <source id="meshesQ27S-normals" name="meshesQ27S-normals">
          <float_array id="meshesQ27S-normals-array" count="72"> 0 0 1 0 0 1 0 0 1 0 0 1 0 1 0 0 1 0 0 1 0 0 1 0 0 0 -1 0 0 -1 0 0 -1 0 0 -1 0 -1 0 0 -1 0 0 -1 0 0 -1 0 1 0 0 1 0 0 1 0 0 1 0 0 -1 0 0 -1 0 0 -1 0 0 -1 0 0 </float_array>
          <technique_common>
            <accessor count="24" offset="0" source="#meshesQ27S-normals-array" stride="3">
              <param name="X" type="float" />
              <param name="Y" type="float" />
              <param name="Z" type="float" />
            </accessor>
          </technique_common>
        </source>
        <vertices id="meshesQ27S-vertices">
          <input semantic="POSITION" source="#meshesQ27S-positions" />
        </vertices>
        <polylist count="12" material="defaultMaterial">
          <input offset="0" semantic="VERTEX" source="#meshesQ27S-vertices" />
          <input offset="0" semantic="NORMAL" source="#meshesQ27S-normals" />
          <vcount>3 3 3 3 3 3 3 3 3 3 3 3 </vcount>
          <p>0 1 2 2 3 0 4 5 6 6 7 4 8 9 10 10 11 8 12 13 14 14 15 12 16 17 18 18 19 16 20 21 22 22 23 20 </p>
        </polylist>
      </mesh>
    </geometry>
    <geometry id="meshesQ28S" name="meshes[28]" >
      <mesh>
        <source id="meshesQ28S-positions" name="meshesQ28S-positions">
          <float_array id="meshesQ28S-positions-array" count="72"> -0.344291687 -0.104783744 -56.8689804 0.344291687 -0.104783744 -56.8689804 0.344291687 0.104783744 -56.8689804 -0.344291687 0.104783744 -56.8689804 -0.344291687 0.104783744 -56.8689804 0.344291687 0.104783744 -56.8689804 0.344291687 0.104783744 -68.9184875 -0.344291687 0.104783744 -68.9184875 -0.344291687 0.104783744 -68.9184875 0.344291687 0.104783744 -68.9184875 0.344291687 -0.104783744 -68.9184875 -0.344291687 -0.104783744 -68.9184875 -0.344291687 -0.104783744 -68.9184875 0.344291687 -0.104783744 -68.9184875 0.344291687 -0.104783744 -56.8689804 -0.344291687 -0.104783744 -56.8689804 0.344291687 -0.104783744 -56.8689804 0.344291687 -0.104783744 -68.9184875 0.344291687 0.104783744 -68.9184875 0.344291687 0.104783744 -56.8689804 -0.344291687 -0.104783744 -68.9184875 -0.344291687 -0.104783744 -56.8689804 -0.344291687 0.104783744 -56.8689804 -0.344291687 0.104783744 -68.9184875 </float_array>
          <technique_common>
            <accessor count="24" offset="0" source="#meshesQ28S-positions-array" stride="3">
              <param name="X" type="float" />
              <param name="Y" type="float" />
              <param name="Z" type="float" />
            </accessor>
          </technique_common>
        </source>
        <source id="meshesQ28S-normals" name="meshesQ28S-normals">
          <float_array id="meshesQ28S-normals-array" count="72"> 0 0 1 0 0 1 0 0 1 0 0 1 0 1 0 0 1 0 0 1 0 0 1 0 0 0 -1 0 0 -1 0 0 -1 0 0 -1 0 -1 0 0 -1 0 0 -1 0 0 -1 0 1 0 0 1 0 0 1 0 0 1 0 0 -1 0 0 -1 0 0 -1 0 0 -1 0 0 </float_array>
          <technique_common>
            <accessor count="24" offset="0" source="#meshesQ28S-normals-array" stride="3">
              <param name="X" type="float" />
              <param name="Y" type="float" />
              <param name="Z" type="float" />
            </accessor>
          </technique_common>
        </source>
        <vertices id="meshesQ28S-vertices">
          <input semantic="POSITION" source="#meshesQ28S-positions" />
        </vertices>
        <polylist count="12" material="defaultMaterial">
          <input offset="0" semantic="VERTEX" source="#meshesQ28S-vertices" />
          <input offset="0" semantic="NORMAL" source="#meshesQ28S-normals" />
          <vcount>3 3 3 3 3 3 3 3 3 3 3 3 </vcount>
          <p>0 1 2 2 3 0 4 5 6 6 7 4 8 9 10 10 11 8 12 13 14 14 15 12 16 17 18 18 19 16 20 21 22 22 23 20 </p>
        </polylist>
      </mesh>
    </geometry>
    <geometry id="meshesQ29S" name="meshes[29]" >
      <mesh>
        <source id="meshesQ29S-positions" name="meshesQ29S-positions">
          <float_array id="meshesQ29S-positions-array" count="72"> -0.369794846 -0.104783744 -48.1774673 0.369794846 -0.104783744 -48.1774673 0.369794846 0.104783744 -48.1774673 -0.369794846 0.104783744 -48.1774673 -0.369794846 0.104783744 -48.1774673 0.369794846 0.104783744 -48.1774673 0.369794846 0.104783744 -58.2628479 -0.369794846 0.104783744 -58.2628479 -0.369794846 0.104783744 -58.2628479 0.369794846 0.104783744 -58.2628479 0.369794846 -0.104783744 -58.2628479 -0.369794846 -0.104783744 -58.2628479 -0.369794846 -0.104783744 -58.2628479 0.369794846 -0.104783744 -58.2628479 0.369794846 -0.104783744 -48.1774673 -0.369794846 -0.104783744 -48.1774673 0.369794846 -0.104783744 -48.1774673 0.369794846 -0.104783744 -58.2628479 0.369794846 0.104783744 -58.2628479 0.369794846 0.104783744 -48.1774673 -0.369794846 -0.104783744 -58.2628479 -0.369794846 -0.104783744 -48.1774673 -0.369794846 0.104783744 -48.1774673 -0.369794846 0.104783744 -58.2628479 </float_array>
          <technique_common>
            <accessor count="24" offset="0" source="#meshesQ29S-positions-array" stride="3">
              <param name="X" type="float" />
              <param name="Y" type="float" />
              <param name="Z" type="float" />
            </accessor>
          </technique_common>
        </source>
        <source id="meshesQ29S-normals" name="meshesQ29S-normals">
          <float_array id="meshesQ29S-normals-array" count="72"> 0 0 1 0 0 1 0 0 1 0 0 1 0 1 0 0 1 0 0 1 0 0 1 0 0 0 -1 0 0 -1 0 0 -1 0 0 -1 0 -1 0 0 -1 0 0 -1 0 0 -1 0 1 0 0 1 0 0 1 0 0 1 0 0 -1 0 0 -1 0 0 -1 0 0 -1 0 0 </float_array>
          <technique_common>
            <accessor count="24" offset="0" source="#meshesQ29S-normals-array" stride="3">
              <param name="X" type="float" />
              <param name="Y" type="float" />
              <param name="Z" type="float" />
            </accessor>
          </technique_common>
        </source>
        <vertices id="meshesQ29S-vertices">
          <input semantic="POSITION" source="#meshesQ29S-positions" />
        </vertices>
        <polylist count="12" material="defaultMaterial">
          <input offset="0" semantic="VERTEX" source="#meshesQ29S-vertices" />
          <input offset="0" semantic="NORMAL" source="#meshesQ29S-normals" />
          <vcount>3 3 3 3 3 3 3 3 3 3 3 3 </vcount>
          <p>0 1 2 2 3 0 4 5 6 6 7 4 8 9 10 10 11 8 12 13 14 14 15 12 16 17 18 18 19 16 20 21 22 22 23 20 </p>
        </polylist>
      </mesh>
    </geometry>
    <geometry id="meshesQ30S" name="meshes[30]" >
      <mesh>
        <source id="meshesQ30S-positions" name="meshesQ30S-positions">
          <float_array id="meshesQ30S-positions-array" count="72"> 6.02750111 -0.104783744 -52.3710098 6.7798872 -0.104783744 -52.3710098 6.7798872 0.104783744 -52.3710098 6.02750111 0.104783744 -52.3710098 6.02750111 0.104783744 -52.3710098 6.7798872 0.104783744 -52.3710098 6.7798872 0.104783744 -63.7614403 6.02750111 0.104783744 -63.7614403 6.02750111 0.104783744 -63.7614403 6.7798872 0.104783744 -63.7614403 6.7798872 -0.104783744 -63.7614403 6.02750111 -0.104783744 -63.7614403 6.02750111 -0.104783744 -63.7614403 6.7798872 -0.104783744 -63.7614403 6.7798872 -0.104783744 -52.3710098 6.02750111 -0.104783744 -52.3710098 6.7798872 -0.104783744 -52.3710098 6.7798872 -0.104783744 -63.7614403 6.7798872 0.104783744 -63.7614403 6.7798872 0.104783744 -52.3710098 6.02750111 -0.104783744 -63.7614403 6.02750111 -0.104783744 -52.3710098 6.02750111 0.104783744 -52.3710098 6.02750111 0.104783744 -63.7614403 </float_array>
          <technique_common>
            <accessor count="24" offset="0" source="#meshesQ30S-positions-array" stride="3">
              <param name="X" type="float" />
              <param name="Y" type="float" />
              <param name="Z" type="float" />
            </accessor>
          </technique_common>
        </source>
        <source id="meshesQ30S-normals" name="meshesQ30S-normals">
          <float_array id="meshesQ30S-normals-array" count="72"> 0 0 1 0 0 1 0 0 1 0 0 1 0 1 0 0 1 0 0 1 0 0 1 0 0 0 -1 0 0 -1 0 0 -1 0 0 -1 0 -1 0 0 -1 0 0 -1 0 0 -1 0 1 0 0 1 0 0 1 0 0 1 0 0 -1 0 0 -1 0 0 -1 0 0 -1 0 0 </float_array>
          <technique_common>
            <accessor count="24" offset="0" source="#meshesQ30S-normals-array" stride="3">
              <param name="X" type="float" />
              <param name="Y" type="float" />
              <param name="Z" type="float" />
            </accessor>
          </technique_common>
        </source>
        <vertices id="meshesQ30S-vertices">
          <input semantic="POSITION" source="#meshesQ30S-positions" />
        </vertices>
        <polylist count="12" material="defaultMaterial">
          <input offset="0" semantic="VERTEX" source="#meshesQ30S-vertices" />
          <input offset="0" semantic="NORMAL" source="#meshesQ30S-normals" />
          <vcount>3 3 3 3 3 3 3 3 3 3 3 3 </vcount>
          <p>0 1 2 2 3 0 4 5 6 6 7 4 8 9 10 10 11 8 12 13 14 14 15 12 16 17 18 18 19 16 20 21 22 22 23 20 </p>
        </polylist>
      </mesh>
    </geometry>
    <geometry id="meshesQ31S" name="meshes[31]" >
      <mesh>
        <source id="meshesQ31S-positions" name="meshesQ31S-positions">
          <float_array id="meshesQ31S-positions-array" count="72"> -0.342166424 -0.104783744 -48.1774673 0.342166424 -0.104783744 -48.1774673 0.342166424 0.104783744 -48.1774673 -0.342166424 0.104783744 -48.1774673 -0.342166424 0.104783744 -48.1774673 0.342166424 0.104783744 -48.1774673 0.342166424 0.104783744 -58.2628479 -0.342166424 0.104783744 -58.2628479 -0.342166424 0.104783744 -58.2628479 0.342166424 0.104783744 -58.2628479 0.342166424 -0.104783744 -58.2628479 -0.342166424 -0.104783744 -58.2628479 -0.342166424 -0.104783744 -58.2628479 0.342166424 -0.104783744 -58.2628479 0.342166424 -0.104783744 -48.1774673 -0.342166424 -0.104783744 -48.1774673 0.342166424 -0.104783744 -48.1774673 0.342166424 -0.104783744 -58.2628479 0.342166424 0.104783744 -58.2628479 0.342166424 0.104783744 -48.1774673 -0.342166424 -0.104783744 -58.2628479 -0.342166424 -0.104783744 -48.1774673 -0.342166424 0.104783744 -48.1774673 -0.342166424 0.104783744 -58.2628479 </float_array>
          <technique_common>
            <accessor count="24" offset="0" source="#meshesQ31S-positions-array" stride="3">
              <param name="X" type="float" />
              <param name="Y" type="float" />
              <param name="Z" type="float" />
            </accessor>
          </technique_common>
        </source>
        <source id="meshesQ31S-normals" name="meshesQ31S-normals">
          <float_array id="meshesQ31S-normals-array" count="72"> 0 0 1 0 0 1 0 0 1 0 0 1 0 1 0 0 1 0 0 1 0 0 1 0 0 0 -1 0 0 -1 0 0 -1 0 0 -1 0 -1 0 0 -1 0 0 -1 0 0 -1 0 1 0 0 1 0 0 1 0 0 1 0 0 -1 0 0 -1 0 0 -1 0 0 -1 0 0 </float_array>
          <technique_common>
            <accessor count="24" offset="0" source="#meshesQ31S-normals-array" stride="3">
              <param name="X" type="float" />
              <param name="Y" type="float" />
              <param name="Z" type="float" />
            </accessor>
          </technique_common>
        </source>
        <vertices id="meshesQ31S-vertices">
          <input semantic="POSITION" source="#meshesQ31S-positions" />
        </vertices>
        <polylist count="12" material="defaultMaterial">
          <input offset="0" semantic="VERTEX" source="#meshesQ31S-vertices" />
          <input offset="0" semantic="NORMAL" source="#meshesQ31S-normals" />
          <vcount>3 3 3 3 3 3 3 3 3 3 3 3 </vcount>
          <p>0 1 2 2 3 0 4 5 6 6 7 4 8 9 10 10 11 8 12 13 14 14 15 12 16 17 18 18 19 16 20 21 22 22 23 20 </p>
        </polylist>
      </mesh>
    </geometry>
    <geometry id="meshesQ32S" name="meshes[32]" >
      <mesh>
        <source id="meshesQ32S-positions" name="meshesQ32S-positions">
          <float_array id="meshesQ32S-positions-array" count="72"> 6.0806427 -0.104783744 -52.3710098 6.72675419 -0.104783744 -52.3710098 6.72675419 0.104783744 -52.3710098 6.0806427 0.104783744 -52.3710098 6.0806427 0.104783744 -52.3710098 6.72675419 0.104783744 -52.3710098 6.72675419 0.104783744 -58.9606934 6.0806427 0.104783744 -58.9606934 6.0806427 0.104783744 -58.9606934 6.72675419 0.104783744 -58.9606934 6.72675419 -0.104783744 -58.9606934 6.0806427 -0.104783744 -58.9606934 6.0806427 -0.104783744 -58.9606934 6.72675419 -0.104783744 -58.9606934 6.72675419 -0.104783744 -52.3710098 6.0806427 -0.104783744 -52.3710098 6.72675419 -0.104783744 -52.3710098 6.72675419 -0.104783744 -58.9606934 6.72675419 0.104783744 -58.9606934 6.72675419 0.104783744 -52.3710098 6.0806427 -0.104783744 -58.9606934 6.0806427 -0.104783744 -52.3710098 6.0806427 0.104783744 -52.3710098 6.0806427 0.104783744 -58.9606934 </float_array>
          <technique_common>
            <accessor count="24" offset="0" source="#meshesQ32S-positions-array" stride="3">
              <param name="X" type="float" />
              <param name="Y" type="float" />
              <param name="Z" type="float" />
            </accessor>
          </technique_common>
        </source>
        <source id="meshesQ32S-normals" name="meshesQ32S-normals">
          <float_array id="meshesQ32S-normals-array" count="72"> 0 0 1 0 0 1 0 0 1 0 0 1 0 1 0 0 1 0 0 1 0 0 1 0 0 0 -1 0 0 -1 0 0 -1 0 0 -1 0 -1 0 0 -1 0 0 -1 0 0 -1 0 1 0 0 1 0 0 1 0 0 1 0 0 -1 0 0 -1 0 0 -1 0 0 -1 0 0 </float_array>
          <technique_common>
            <accessor count="24" offset="0" source="#meshesQ32S-normals-array" stride="3">
              <param name="X" type="float" />
              <param name="Y" type="float" />
              <param name="Z" type="float" />
            </accessor>
          </technique_common>
        </source>
        <vertices id="meshesQ32S-vertices">
          <input semantic="POSITION" source="#meshesQ32S-positions" />
        </vertices>
        <polylist count="12" material="defaultMaterial">
          <input offset="0" semantic="VERTEX" source="#meshesQ32S-vertices" />
          <input offset="0" semantic="NORMAL" source="#meshesQ32S-normals" />
          <vcount>3 3 3 3 3 3 3 3 3 3 3 3 </vcount>
          <p>0 1 2 2 3 0 4 5 6 6 7 4 8 9 10 10 11 8 12 13 14 14 15 12 16 17 18 18 19 16 20 21 22 22 23 20 </p>
        </polylist>
      </mesh>
    </geometry>
    <geometry id="meshesQ33S" name="meshes[33]" >
      <mesh>
        <source id="meshesQ33S-positions" name="meshesQ33S-positions">
          <float_array id="meshesQ33S-positions-array" count="72"> -0.297535896 -0.104783744 -46.6086769 0.297535896 -0.104783744 -46.6086769 0.297535896 0.104783744 -46.6086769 -0.297535896 0.104783744 -46.6086769 -0.297535896 0.104783744 -46.6086769 0.297535896 0.104783744 -46.6086769 0.297535896 0.104783744 -64.3837967 -0.297535896 0.104783744 -64.3837967 -0.297535896 0.104783744 -64.3837967 0.297535896 0.104783744 -64.3837967 0.297535896 -0.104783744 -64.3837967 -0.297535896 -0.104783744 -64.3837967 -0.297535896 -0.104783744 -64.3837967 0.297535896 -0.104783744 -64.3837967 0.297535896 -0.104783744 -46.6086769 -0.297535896 -0.104783744 -46.6086769 0.297535896 -0.104783744 -46.6086769 0.297535896 -0.104783744 -64.3837967 0.297535896 0.104783744 -64.3837967 0.297535896 0.104783744 -46.6086769 -0.297535896 -0.104783744 -64.3837967 -0.297535896 -0.104783744 -46.6086769 -0.297535896 0.104783744 -46.6086769 -0.297535896 0.104783744 -64.3837967 </float_array>
          <technique_common>
            <accessor count="24" offset="0" source="#meshesQ33S-positions-array" stride="3">
              <param name="X" type="float" />
              <param name="Y" type="float" />
              <param name="Z" type="float" />
            </accessor>
          </technique_common>
        </source>
        <source id="meshesQ33S-normals" name="meshesQ33S-normals">
          <float_array id="meshesQ33S-normals-array" count="72"> 0 0 1 0 0 1 0 0 1 0 0 1 0 1 0 0 1 0 0 1 0 0 1 0 0 0 -1 0 0 -1 0 0 -1 0 0 -1 0 -1 0 0 -1 0 0 -1 0 0 -1 0 1 0 0 1 0 0 1 0 0 1 0 0 -1 0 0 -1 0 0 -1 0 0 -1 0 0 </float_array>
          <technique_common>
            <accessor count="24" offset="0" source="#meshesQ33S-normals-array" stride="3">
              <param name="X" type="float" />
              <param name="Y" type="float" />
              <param name="Z" type="float" />
            </accessor>
          </technique_common>
        </source>
        <vertices id="meshesQ33S-vertices">
          <input semantic="POSITION" source="#meshesQ33S-positions" />
        </vertices>
        <polylist count="12" material="defaultMaterial">
          <input offset="0" semantic="VERTEX" source="#meshesQ33S-vertices" />
          <input offset="0" semantic="NORMAL" source="#meshesQ33S-normals" />
          <vcount>3 3 3 3 3 3 3 3 3 3 3 3 </vcount>
          <p>0 1 2 2 3 0 4 5 6 6 7 4 8 9 10 10 11 8 12 13 14 14 15 12 16 17 18 18 19 16 20 21 22 22 23 20 </p>
        </polylist>
      </mesh>
    </geometry>
    <geometry id="meshesQ34S" name="meshes[34]" >
      <mesh>
        <source id="meshesQ34S-positions" name="meshesQ34S-positions">
          <float_array id="meshesQ34S-positions-array" count="72"> -0.29966116 -0.104783744 -46.1521378 0.29966116 -0.104783744 -46.1521378 0.29966116 0.104783744 -46.1521378 -0.29966116 0.104783744 -46.1521378 -0.29966116 0.104783744 -46.1521378 0.29966116 0.104783744 -46.1521378 0.29966116 0.104783744 -59.2798576 -0.29966116 0.104783744 -59.2798576 -0.29966116 0.104783744 -59.2798576 0.29966116 0.104783744 -59.2798576 0.29966116 -0.104783744 -59.2798576 -0.29966116 -0.104783744 -59.2798576 -0.29966116 -0.104783744 -59.2798576 0.29966116 -0.104783744 -59.2798576 0.29966116 -0.104783744 -46.1521378 -0.29966116 -0.104783744 -46.1521378 0.29966116 -0.104783744 -46.1521378 0.29966116 -0.104783744 -59.2798576 0.29966116 0.104783744 -59.2798576 0.29966116 0.104783744 -46.1521378 -0.29966116 -0.104783744 -59.2798576 -0.29966116 -0.104783744 -46.1521378 -0.29966116 0.104783744 -46.1521378 -0.29966116 0.104783744 -59.2798576 </float_array>
          <technique_common>
            <accessor count="24" offset="0" source="#meshesQ34S-positions-array" stride="3">
              <param name="X" type="float" />
              <param name="Y" type="float" />
              <param name="Z" type="float" />
            </accessor>
          </technique_common>
        </source>
        <source id="meshesQ34S-normals" name="meshesQ34S-normals">
          <float_array id="meshesQ34S-normals-array" count="72"> 0 0 1 0 0 1 0 0 1 0 0 1 0 1 0 0 1 0 0 1 0 0 1 0 0 0 -1 0 0 -1 0 0 -1 0 0 -1 0 -1 0 0 -1 0 0 -1 0 0 -1 0 1 0 0 1 0 0 1 0 0 1 0 0 -1 0 0 -1 0 0 -1 0 0 -1 0 0 </float_array>
          <technique_common>
            <accessor count="24" offset="0" source="#meshesQ34S-normals-array" stride="3">
              <param name="X" type="float" />
              <param name="Y" type="float" />
              <param name="Z" type="float" />
            </accessor>
          </technique_common>
        </source>
        <vertices id="meshesQ34S-vertices">
          <input semantic="POSITION" source="#meshesQ34S-positions" />
        </vertices>
        <polylist count="12" material="defaultMaterial">
          <input offset="0" semantic="VERTEX" source="#meshesQ34S-vertices" />
          <input offset="0" semantic="NORMAL" source="#meshesQ34S-normals" />
          <vcount>3 3 3 3 3 3 3 3 3 3 3 3 </vcount>
          <p>0 1 2 2 3 0 4 5 6 6 7 4 8 9 10 10 11 8 12 13 14 14 15 12 16 17 18 18 19 16 20 21 22 22 23 20 </p>
        </polylist>
      </mesh>
    </geometry>
    <geometry id="meshesQ35S" name="meshes[35]" >
      <mesh>
        <source id="meshesQ35S-positions" name="meshesQ35S-positions">
          <float_array id="meshesQ35S-positions-array" count="72"> -0.312412739 -0.104783744 -44.3564987 0.312412739 -0.104783744 -44.3564987 0.312412739 0.104783744 -44.3564987 -0.312412739 0.104783744 -44.3564987 -0.312412739 0.104783744 -44.3564987 0.312412739 0.104783744 -44.3564987 0.312412739 0.104783744 -60.5397186 -0.312412739 0.104783744 -60.5397186 -0.312412739 0.104783744 -60.5397186 0.312412739 0.104783744 -60.5397186 0.312412739 -0.104783744 -60.5397186 -0.312412739 -0.104783744 -60.5397186 -0.312412739 -0.104783744 -60.5397186 0.312412739 -0.104783744 -60.5397186 0.312412739 -0.104783744 -44.3564987 -0.312412739 -0.104783744 -44.3564987 0.312412739 -0.104783744 -44.3564987 0.312412739 -0.104783744 -60.5397186 0.312412739 0.104783744 -60.5397186 0.312412739 0.104783744 -44.3564987 -0.312412739 -0.104783744 -60.5397186 -0.312412739 -0.104783744 -44.3564987 -0.312412739 0.104783744 -44.3564987 -0.312412739 0.104783744 -60.5397186 </float_array>
          <technique_common>
            <accessor count="24" offset="0" source="#meshesQ35S-positions-array" stride="3">
              <param name="X" type="float" />
              <param name="Y" type="float" />
              <param name="Z" type="float" />
            </accessor>
          </technique_common>
        </source>
        <source id="meshesQ35S-normals" name="meshesQ35S-normals">
          <float_array id="meshesQ35S-normals-array" count="72"> 0 0 1 0 0 1 0 0 1 0 0 1 0 1 0 0 1 0 0 1 0 0 1 0 0 0 -1 0 0 -1 0 0 -1 0 0 -1 0 -1 0 0 -1 0 0 -1 0 0 -1 0 1 0 0 1 0 0 1 0 0 1 0 0 -1 0 0 -1 0 0 -1 0 0 -1 0 0 </float_array>
          <technique_common>
            <accessor count="24" offset="0" source="#meshesQ35S-normals-array" stride="3">
              <param name="X" type="float" />
              <param name="Y" type="float" />
              <param name="Z" type="float" />
            </accessor>
          </technique_common>
        </source>
        <vertices id="meshesQ35S-vertices">
          <input semantic="POSITION" source="#meshesQ35S-positions" />
        </vertices>
        <polylist count="12" material="defaultMaterial">
          <input offset="0" semantic="VERTEX" source="#meshesQ35S-vertices" />
          <input offset="0" semantic="NORMAL" source="#meshesQ35S-normals" />
          <vcount>3 3 3 3 3 3 3 3 3 3 3 3 </vcount>
          <p>0 1 2 2 3 0 4 5 6 6 7 4 8 9 10 10 11 8 12 13 14 14 15 12 16 17 18 18 19 16 20 21 22 22 23 20 </p>
        </polylist>
      </mesh>
    </geometry>
    <geometry id="meshesQ36S" name="meshes[36]" >
      <mesh>
        <source id="meshesQ36S-positions" name="meshesQ36S-positions">
          <float_array id="meshesQ36S-positions-array" count="72"> -1.27695203 -0.104783744 -57.5053406 -0.531568825 -0.104783744 -57.5053406 -0.531568825 0.104783744 -57.5053406 -1.27695203 0.104783744 -57.5053406 -1.27695203 0.104783744 -57.5053406 -0.531568825 0.104783744 -57.5053406 -0.531568825 0.104783744 -68.9184875 -1.27695203 0.104783744 -68.9184875 -1.27695203 0.104783744 -68.9184875 -0.531568825 0.104783744 -68.9184875 -0.531568825 -0.104783744 -68.9184875 -1.27695203 -0.104783744 -68.9184875 -1.27695203 -0.104783744 -68.9184875 -0.531568825 -0.104783744 -68.9184875 -0.531568825 -0.104783744 -57.5053406 -1.27695203 -0.104783744 -57.5053406 -0.531568825 -0.104783744 -57.5053406 -0.531568825 -0.104783744 -68.9184875 -0.531568825 0.104783744 -68.9184875 -0.531568825 0.104783744 -57.5053406 -1.27695203 -0.104783744 -68.9184875 -1.27695203 -0.104783744 -57.5053406 -1.27695203 0.104783744 -57.5053406 -1.27695203 0.104783744 -68.9184875 </float_array>
          <technique_common>
            <accessor count="24" offset="0" source="#meshesQ36S-positions-array" stride="3">
              <param name="X" type="float" />
              <param name="Y" type="float" />
              <param name="Z" type="float" />
            </accessor>
          </technique_common>
        </source>
        <source id="meshesQ36S-normals" name="meshesQ36S-normals">
          <float_array id="meshesQ36S-normals-array" count="72"> 0 0 1 0 0 1 0 0 1 0 0 1 0 1 0 0 1 0 0 1 0 0 1 0 0 0 -1 0 0 -1 0 0 -1 0 0 -1 0 -1 0 0 -1 0 0 -1 0 0 -1 0 1 0 0 1 0 0 1 0 0 1 0 0 -1 0 0 -1 0 0 -1 0 0 -1 0 0 </float_array>
          <technique_common>
            <accessor count="24" offset="0" source="#meshesQ36S-normals-array" stride="3">
              <param name="X" type="float" />
              <param name="Y" type="float" />
              <param name="Z" type="float" />
            </accessor>
          </technique_common>
        </source>
        <vertices id="meshesQ36S-vertices">
          <input semantic="POSITION" source="#meshesQ36S-positions" />
        </vertices>
        <polylist count="12" material="defaultMaterial">
          <input offset="0" semantic="VERTEX" source="#meshesQ36S-vertices" />
          <input offset="0" semantic="NORMAL" source="#meshesQ36S-normals" />
          <vcount>3 3 3 3 3 3 3 3 3 3 3 3 </vcount>
          <p>0 1 2 2 3 0 4 5 6 6 7 4 8 9 10 10 11 8 12 13 14 14 15 12 16 17 18 18 19 16 20 21 22 22 23 20 </p>
        </polylist>
      </mesh>
    </geometry>
    <geometry id="meshesQ37S" name="meshes[37]" >
      <mesh>
        <source id="meshesQ37S-positions" name="meshesQ37S-positions">
          <float_array id="meshesQ37S-positions-array" count="72"> -0.331540108 -0.104783744 -46.5645638 0.331540108 -0.104783744 -46.5645638 0.331540108 0.104783744 -46.5645638 -0.331540108 0.104783744 -46.5645638 -0.331540108 0.104783744 -46.5645638 0.331540108 0.104783744 -46.5645638 0.331540108 0.104783744 -72.7061462 -0.331540108 0.104783744 -72.7061462 -0.331540108 0.104783744 -72.7061462 0.331540108 0.104783744 -72.7061462 0.331540108 -0.104783744 -72.7061462 -0.331540108 -0.104783744 -72.7061462 -0.331540108 -0.104783744 -72.7061462 0.331540108 -0.104783744 -72.7061462 0.331540108 -0.104783744 -46.5645638 -0.331540108 -0.104783744 -46.5645638 0.331540108 -0.104783744 -46.5645638 0.331540108 -0.104783744 -72.7061462 0.331540108 0.104783744 -72.7061462 0.331540108 0.104783744 -46.5645638 -0.331540108 -0.104783744 -72.7061462 -0.331540108 -0.104783744 -46.5645638 -0.331540108 0.104783744 -46.5645638 -0.331540108 0.104783744 -72.7061462 </float_array>
          <technique_common>
            <accessor count="24" offset="0" source="#meshesQ37S-positions-array" stride="3">
              <param name="X" type="float" />
              <param name="Y" type="float" />
              <param name="Z" type="float" />
            </accessor>
          </technique_common>
        </source>
        <source id="meshesQ37S-normals" name="meshesQ37S-normals">
          <float_array id="meshesQ37S-normals-array" count="72"> 0 0 1 0 0 1 0 0 1 0 0 1 0 1 0 0 1 0 0 1 0 0 1 0 0 0 -1 0 0 -1 0 0 -1 0 0 -1 0 -1 0 0 -1 0 0 -1 0 0 -1 0 1 0 0 1 0 0 1 0 0 1 0 0 -1 0 0 -1 0 0 -1 0 0 -1 0 0 </float_array>
          <technique_common>
            <accessor count="24" offset="0" source="#meshesQ37S-normals-array" stride="3">
              <param name="X" type="float" />
              <param name="Y" type="float" />
              <param name="Z" type="float" />
            </accessor>
          </technique_common>
        </source>
        <vertices id="meshesQ37S-vertices">
          <input semantic="POSITION" source="#meshesQ37S-positions" />
        </vertices>
        <polylist count="12" material="defaultMaterial">
          <input offset="0" semantic="VERTEX" source="#meshesQ37S-vertices" />
          <input offset="0" semantic="NORMAL" source="#meshesQ37S-normals" />
          <vcount>3 3 3 3 3 3 3 3 3 3 3 3 </vcount>
          <p>0 1 2 2 3 0 4 5 6 6 7 4 8 9 10 10 11 8 12 13 14 14 15 12 16 17 18 18 19 16 20 21 22 22 23 20 </p>
        </polylist>
      </mesh>
    </geometry>
    <geometry id="meshesQ38S" name="meshes[38]" >
      <mesh>
        <source id="meshesQ38S-positions" name="meshesQ38S-positions">
          <float_array id="meshesQ38S-positions-array" count="72"> -0.4186759 -0.104783744 -57.2462311 0.4186759 -0.104783744 -57.2462311 0.4186759 0.104783744 -57.2462311 -0.4186759 0.104783744 -57.2462311 -0.4186759 0.104783744 -57.2462311 0.4186759 0.104783744 -57.2462311 0.4186759 0.104783744 -68.9184875 -0.4186759 0.104783744 -68.9184875 -0.4186759 0.104783744 -68.9184875 0.4186759 0.104783744 -68.9184875 0.4186759 -0.104783744 -68.9184875 -0.4186759 -0.104783744 -68.9184875 -0.4186759 -0.104783744 -68.9184875 0.4186759 -0.104783744 -68.9184875 0.4186759 -0.104783744 -57.2462311 -0.4186759 -0.104783744 -57.2462311 0.4186759 -0.104783744 -57.2462311 0.4186759 -0.104783744 -68.9184875 0.4186759 0.104783744 -68.9184875 0.4186759 0.104783744 -57.2462311 -0.4186759 -0.104783744 -68.9184875 -0.4186759 -0.104783744 -57.2462311 -0.4186759 0.104783744 -57.2462311 -0.4186759 0.104783744 -68.9184875 </float_array>
          <technique_common>
            <accessor count="24" offset="0" source="#meshesQ38S-positions-array" stride="3">
              <param name="X" type="float" />
              <param name="Y" type="float" />
              <param name="Z" type="float" />
            </accessor>
          </technique_common>
        </source>
        <source id="meshesQ38S-normals" name="meshesQ38S-normals">
          <float_array id="meshesQ38S-normals-array" count="72"> 0 0 1 0 0 1 0 0 1 0 0 1 0 1 0 0 1 0 0 1 0 0 1 0 0 0 -1 0 0 -1 0 0 -1 0 0 -1 0 -1 0 0 -1 0 0 -1 0 0 -1 0 1 0 0 1 0 0 1 0 0 1 0 0 -1 0 0 -1 0 0 -1 0 0 -1 0 0 </float_array>
          <technique_common>
            <accessor count="24" offset="0" source="#meshesQ38S-normals-array" stride="3">
              <param name="X" type="float" />
              <param name="Y" type="float" />
              <param name="Z" type="float" />
            </accessor>
          </technique_common>
        </source>
        <vertices id="meshesQ38S-vertices">
          <input semantic="POSITION" source="#meshesQ38S-positions" />
        </vertices>
        <polylist count="12" material="defaultMaterial">
          <input offset="0" semantic="VERTEX" source="#meshesQ38S-vertices" />
          <input offset="0" semantic="NORMAL" source="#meshesQ38S-normals" />
          <vcount>3 3 3 3 3 3 3 3 3 3 3 3 </vcount>
          <p>0 1 2 2 3 0 4 5 6 6 7 4 8 9 10 10 11 8 12 13 14 14 15 12 16 17 18 18 19 16 20 21 22 22 23 20 </p>
        </polylist>
      </mesh>
    </geometry>
    <geometry id="meshesQ39S" name="meshes[39]" >
      <mesh>
        <source id="meshesQ39S-positions" name="meshesQ39S-positions">
          <float_array id="meshesQ39S-positions-array" count="72"> -0.303911686 -0.104783744 -46.6086769 0.303911686 -0.104783744 -46.6086769 0.303911686 0.104783744 -46.6086769 -0.303911686 0.104783744 -46.6086769 -0.303911686 0.104783744 -46.6086769 0.303911686 0.104783744 -46.6086769 0.303911686 0.104783744 -64.0953293 -0.303911686 0.104783744 -64.0953293 -0.303911686 0.104783744 -64.0953293 0.303911686 0.104783744 -64.0953293 0.303911686 -0.104783744 -64.0953293 -0.303911686 -0.104783744 -64.0953293 -0.303911686 -0.104783744 -64.0953293 0.303911686 -0.104783744 -64.0953293 0.303911686 -0.104783744 -46.6086769 -0.303911686 -0.104783744 -46.6086769 0.303911686 -0.104783744 -46.6086769 0.303911686 -0.104783744 -64.0953293 0.303911686 0.104783744 -64.0953293 0.303911686 0.104783744 -46.6086769 -0.303911686 -0.104783744 -64.0953293 -0.303911686 -0.104783744 -46.6086769 -0.303911686 0.104783744 -46.6086769 -0.303911686 0.104783744 -64.0953293 </float_array>
          <technique_common>
            <accessor count="24" offset="0" source="#meshesQ39S-positions-array" stride="3">
              <param name="X" type="float" />
              <param name="Y" type="float" />
              <param name="Z" type="float" />
            </accessor>
          </technique_common>
        </source>
        <source id="meshesQ39S-normals" name="meshesQ39S-normals">
          <float_array id="meshesQ39S-normals-array" count="72"> 0 0 1 0 0 1 0 0 1 0 0 1 0 1 0 0 1 0 0 1 0 0 1 0 0 0 -1 0 0 -1 0 0 -1 0 0 -1 0 -1 0 0 -1 0 0 -1 0 0 -1 0 1 0 0 1 0 0 1 0 0 1 0 0 -1 0 0 -1 0 0 -1 0 0 -1 0 0 </float_array>
          <technique_common>
            <accessor count="24" offset="0" source="#meshesQ39S-normals-array" stride="3">
              <param name="X" type="float" />
              <param name="Y" type="float" />
              <param name="Z" type="float" />
            </accessor>
          </technique_common>
        </source>
        <vertices id="meshesQ39S-vertices">
          <input semantic="POSITION" source="#meshesQ39S-positions" />
        </vertices>
        <polylist count="12" material="defaultMaterial">
          <input offset="0" semantic="VERTEX" source="#meshesQ39S-vertices" />
          <input offset="0" semantic="NORMAL" source="#meshesQ39S-normals" />
          <vcount>3 3 3 3 3 3 3 3 3 3 3 3 </vcount>
          <p>0 1 2 2 3 0 4 5 6 6 7 4 8 9 10 10 11 8 12 13 14 14 15 12 16 17 18 18 19 16 20 21 22 22 23 20 </p>
        </polylist>
      </mesh>
    </geometry>
    <geometry id="meshesQ40S" name="meshes[40]" >
      <mesh>
        <source id="meshesQ40S-positions" name="meshesQ40S-positions">
          <float_array id="meshesQ40S-positions-array" count="72"> -0.34641695 -0.104783744 -52.414566 0.34641695 -0.104783744 -52.414566 0.34641695 0.104783744 -52.414566 -0.34641695 0.104783744 -52.414566 -0.34641695 0.104783744 -52.414566 0.34641695 0.104783744 -52.414566 0.34641695 0.104783744 -58.601181 -0.34641695 0.104783744 -58.601181 -0.34641695 0.104783744 -58.601181 0.34641695 0.104783744 -58.601181 0.34641695 -0.104783744 -58.601181 -0.34641695 -0.104783744 -58.601181 -0.34641695 -0.104783744 -58.601181 0.34641695 -0.104783744 -58.601181 0.34641695 -0.104783744 -52.414566 -0.34641695 -0.104783744 -52.414566 0.34641695 -0.104783744 -52.414566 0.34641695 -0.104783744 -58.601181 0.34641695 0.104783744 -58.601181 0.34641695 0.104783744 -52.414566 -0.34641695 -0.104783744 -58.601181 -0.34641695 -0.104783744 -52.414566 -0.34641695 0.104783744 -52.414566 -0.34641695 0.104783744 -58.601181 </float_array>
          <technique_common>
            <accessor count="24" offset="0" source="#meshesQ40S-positions-array" stride="3">
              <param name="X" type="float" />
              <param name="Y" type="float" />
              <param name="Z" type="float" />
            </accessor>
          </technique_common>
        </source>
        <source id="meshesQ40S-normals" name="meshesQ40S-normals">
          <float_array id="meshesQ40S-normals-array" count="72"> 0 0 1 0 0 1 0 0 1 0 0 1 0 1 0 0 1 0 0 1 0 0 1 0 0 0 -1 0 0 -1 0 0 -1 0 0 -1 0 -1 0 0 -1 0 0 -1 0 0 -1 0 1 0 0 1 0 0 1 0 0 1 0 0 -1 0 0 -1 0 0 -1 0 0 -1 0 0 </float_array>
          <technique_common>
            <accessor count="24" offset="0" source="#meshesQ40S-normals-array" stride="3">
              <param name="X" type="float" />
              <param name="Y" type="float" />
              <param name="Z" type="float" />
            </accessor>
          </technique_common>
        </source>
        <vertices id="meshesQ40S-vertices">
          <input semantic="POSITION" source="#meshesQ40S-positions" />
        </vertices>
        <polylist count="12" material="defaultMaterial">
          <input offset="0" semantic="VERTEX" source="#meshesQ40S-vertices" />
          <input offset="0" semantic="NORMAL" source="#meshesQ40S-normals" />
          <vcount>3 3 3 3 3 3 3 3 3 3 3 3 </vcount>
          <p>0 1 2 2 3 0 4 5 6 6 7 4 8 9 10 10 11 8 12 13 14 14 15 12 16 17 18 18 19 16 20 21 22 22 23 20 </p>
        </polylist>
      </mesh>
    </geometry>
    <geometry id="meshesQ41S" name="meshes[41]" >
      <mesh>
        <source id="meshesQ41S-positions" name="meshesQ41S-positions">
          <float_array id="meshesQ41S-positions-array" count="72"> -0.312412739 -0.104783744 -52.429821 0.312412739 -0.104783744 -52.429821 0.312412739 0.104783744 -52.429821 -0.312412739 0.104783744 -52.429821 -0.312412739 0.104783744 -52.429821 0.312412739 0.104783744 -52.429821 0.312412739 0.104783744 -56.4073639 -0.312412739 0.104783744 -56.4073639 -0.312412739 0.104783744 -56.4073639 0.312412739 0.104783744 -56.4073639 0.312412739 -0.104783744 -56.4073639 -0.312412739 -0.104783744 -56.4073639 -0.312412739 -0.104783744 -56.4073639 0.312412739 -0.104783744 -56.4073639 0.312412739 -0.104783744 -52.429821 -0.312412739 -0.104783744 -52.429821 0.312412739 -0.104783744 -52.429821 0.312412739 -0.104783744 -56.4073639 0.312412739 0.104783744 -56.4073639 0.312412739 0.104783744 -52.429821 -0.312412739 -0.104783744 -56.4073639 -0.312412739 -0.104783744 -52.429821 -0.312412739 0.104783744 -52.429821 -0.312412739 0.104783744 -56.4073639 </float_array>
          <technique_common>
            <accessor count="24" offset="0" source="#meshesQ41S-positions-array" stride="3">
              <param name="X" type="float" />
              <param name="Y" type="float" />
              <param name="Z" type="float" />
            </accessor>
          </technique_common>
        </source>
        <source id="meshesQ41S-normals" name="meshesQ41S-normals">
          <float_array id="meshesQ41S-normals-array" count="72"> 0 0 1 0 0 1 0 0 1 0 0 1 0 1 0 0 1 0 0 1 0 0 1 0 0 0 -1 0 0 -1 0 0 -1 0 0 -1 0 -1 0 0 -1 0 0 -1 0 0 -1 0 1 0 0 1 0 0 1 0 0 1 0 0 -1 0 0 -1 0 0 -1 0 0 -1 0 0 </float_array>
          <technique_common>
            <accessor count="24" offset="0" source="#meshesQ41S-normals-array" stride="3">
              <param name="X" type="float" />
              <param name="Y" type="float" />
              <param name="Z" type="float" />
            </accessor>
          </technique_common>
        </source>
        <vertices id="meshesQ41S-vertices">
          <input semantic="POSITION" source="#meshesQ41S-positions" />
        </vertices>
        <polylist count="12" material="defaultMaterial">
          <input offset="0" semantic="VERTEX" source="#meshesQ41S-vertices" />
          <input offset="0" semantic="NORMAL" source="#meshesQ41S-normals" />
          <vcount>3 3 3 3 3 3 3 3 3 3 3 3 </vcount>
          <p>0 1 2 2 3 0 4 5 6 6 7 4 8 9 10 10 11 8 12 13 14 14 15 12 16 17 18 18 19 16 20 21 22 22 23 20 </p>
        </polylist>
      </mesh>
    </geometry>
    <geometry id="meshesQ42S" name="meshes[42]" >
      <mesh>
        <source id="meshesQ42S-positions" name="meshesQ42S-positions">
          <float_array id="meshesQ42S-positions-array" count="72"> -0.314538002 -0.104783744 -51.7523384 0.314538002 -0.104783744 -51.7523384 0.314538002 0.104783744 -51.7523384 -0.314538002 0.104783744 -51.7523384 -0.314538002 0.104783744 -51.7523384 0.314538002 0.104783744 -51.7523384 0.314538002 0.104783744 -64.0953293 -0.314538002 0.104783744 -64.0953293 -0.314538002 0.104783744 -64.0953293 0.314538002 0.104783744 -64.0953293 0.314538002 -0.104783744 -64.0953293 -0.314538002 -0.104783744 -64.0953293 -0.314538002 -0.104783744 -64.0953293 0.314538002 -0.104783744 -64.0953293 0.314538002 -0.104783744 -51.7523384 -0.314538002 -0.104783744 -51.7523384 0.314538002 -0.104783744 -51.7523384 0.314538002 -0.104783744 -64.0953293 0.314538002 0.104783744 -64.0953293 0.314538002 0.104783744 -51.7523384 -0.314538002 -0.104783744 -64.0953293 -0.314538002 -0.104783744 -51.7523384 -0.314538002 0.104783744 -51.7523384 -0.314538002 0.104783744 -64.0953293 </float_array>
          <technique_common>
            <accessor count="24" offset="0" source="#meshesQ42S-positions-array" stride="3">
              <param name="X" type="float" />
              <param name="Y" type="float" />
              <param name="Z" type="float" />
            </accessor>
          </technique_common>
        </source>
        <source id="meshesQ42S-normals" name="meshesQ42S-normals">
          <float_array id="meshesQ42S-normals-array" count="72"> 0 0 1 0 0 1 0 0 1 0 0 1 0 1 0 0 1 0 0 1 0 0 1 0 0 0 -1 0 0 -1 0 0 -1 0 0 -1 0 -1 0 0 -1 0 0 -1 0 0 -1 0 1 0 0 1 0 0 1 0 0 1 0 0 -1 0 0 -1 0 0 -1 0 0 -1 0 0 </float_array>
          <technique_common>
            <accessor count="24" offset="0" source="#meshesQ42S-normals-array" stride="3">
              <param name="X" type="float" />
              <param name="Y" type="float" />
              <param name="Z" type="float" />
            </accessor>
          </technique_common>
        </source>
        <vertices id="meshesQ42S-vertices">
          <input semantic="POSITION" source="#meshesQ42S-positions" />
        </vertices>
        <polylist count="12" material="defaultMaterial">
          <input offset="0" semantic="VERTEX" source="#meshesQ42S-vertices" />
          <input offset="0" semantic="NORMAL" source="#meshesQ42S-normals" />
          <vcount>3 3 3 3 3 3 3 3 3 3 3 3 </vcount>
          <p>0 1 2 2 3 0 4 5 6 6 7 4 8 9 10 10 11 8 12 13 14 14 15 12 16 17 18 18 19 16 20 21 22 22 23 20 </p>
        </polylist>
      </mesh>
    </geometry>
    <geometry id="meshesQ43S" name="meshes[43]" >
      <mesh>
        <source id="meshesQ43S-positions" name="meshesQ43S-positions">
          <float_array id="meshesQ43S-positions-array" count="72"> -0.384671688 -0.104783744 -39.8547859 0.384671688 -0.104783744 -39.8547859 0.384671688 0.104783744 -39.8547859 -0.384671688 0.104783744 -39.8547859 -0.384671688 0.104783744 -39.8547859 0.384671688 0.104783744 -39.8547859 0.384671688 0.104783744 -58.601181 -0.384671688 0.104783744 -58.601181 -0.384671688 0.104783744 -58.601181 0.384671688 0.104783744 -58.601181 0.384671688 -0.104783744 -58.601181 -0.384671688 -0.104783744 -58.601181 -0.384671688 -0.104783744 -58.601181 0.384671688 -0.104783744 -58.601181 0.384671688 -0.104783744 -39.8547859 -0.384671688 -0.104783744 -39.8547859 0.384671688 -0.104783744 -39.8547859 0.384671688 -0.104783744 -58.601181 0.384671688 0.104783744 -58.601181 0.384671688 0.104783744 -39.8547859 -0.384671688 -0.104783744 -58.601181 -0.384671688 -0.104783744 -39.8547859 -0.384671688 0.104783744 -39.8547859 -0.384671688 0.104783744 -58.601181 </float_array>
          <technique_common>
            <accessor count="24" offset="0" source="#meshesQ43S-positions-array" stride="3">
              <param name="X" type="float" />
              <param name="Y" type="float" />
              <param name="Z" type="float" />
            </accessor>
          </technique_common>
        </source>
        <source id="meshesQ43S-normals" name="meshesQ43S-normals">
          <float_array id="meshesQ43S-normals-array" count="72"> 0 0 1 0 0 1 0 0 1 0 0 1 0 1 0 0 1 0 0 1 0 0 1 0 0 0 -1 0 0 -1 0 0 -1 0 0 -1 0 -1 0 0 -1 0 0 -1 0 0 -1 0 1 0 0 1 0 0 1 0 0 1 0 0 -1 0 0 -1 0 0 -1 0 0 -1 0 0 </float_array>
          <technique_common>
            <accessor count="24" offset="0" source="#meshesQ43S-normals-array" stride="3">
              <param name="X" type="float" />
              <param name="Y" type="float" />
              <param name="Z" type="float" />
            </accessor>
          </technique_common>
        </source>
        <vertices id="meshesQ43S-vertices">
          <input semantic="POSITION" source="#meshesQ43S-positions" />
        </vertices>
        <polylist count="12" material="defaultMaterial">
          <input offset="0" semantic="VERTEX" source="#meshesQ43S-vertices" />
          <input offset="0" semantic="NORMAL" source="#meshesQ43S-normals" />
          <vcount>3 3 3 3 3 3 3 3 3 3 3 3 </vcount>
          <p>0 1 2 2 3 0 4 5 6 6 7 4 8 9 10 10 11 8 12 13 14 14 15 12 16 17 18 18 19 16 20 21 22 22 23 20 </p>
        </polylist>
      </mesh>
    </geometry>
    <geometry id="meshesQ44S" name="meshes[44]" >
      <mesh>
        <source id="meshesQ44S-positions" name="meshesQ44S-positions">
          <float_array id="meshesQ44S-positions-array" count="72"> -0.40592432 -0.104783744 -51.1713448 0.40592432 -0.104783744 -51.1713448 0.40592432 0.104783744 -51.1713448 -0.40592432 0.104783744 -51.1713448 -0.40592432 0.104783744 -51.1713448 0.40592432 0.104783744 -51.1713448 0.40592432 0.104783744 -64.0953293 -0.40592432 0.104783744 -64.0953293 -0.40592432 0.104783744 -64.0953293 0.40592432 0.104783744 -64.0953293 0.40592432 -0.104783744 -64.0953293 -0.40592432 -0.104783744 -64.0953293 -0.40592432 -0.104783744 -64.0953293 0.40592432 -0.104783744 -64.0953293 0.40592432 -0.104783744 -51.1713448 -0.40592432 -0.104783744 -51.1713448 0.40592432 -0.104783744 -51.1713448 0.40592432 -0.104783744 -64.0953293 0.40592432 0.104783744 -64.0953293 0.40592432 0.104783744 -51.1713448 -0.40592432 -0.104783744 -64.0953293 -0.40592432 -0.104783744 -51.1713448 -0.40592432 0.104783744 -51.1713448 -0.40592432 0.104783744 -64.0953293 </float_array>
          <technique_common>
            <accessor count="24" offset="0" source="#meshesQ44S-positions-array" stride="3">
              <param name="X" type="float" />
              <param name="Y" type="float" />
              <param name="Z" type="float" />
            </accessor>
          </technique_common>
        </source>
        <source id="meshesQ44S-normals" name="meshesQ44S-normals">
          <float_array id="meshesQ44S-normals-array" count="72"> 0 0 1 0 0 1 0 0 1 0 0 1 0 1 0 0 1 0 0 1 0 0 1 0 0 0 -1 0 0 -1 0 0 -1 0 0 -1 0 -1 0 0 -1 0 0 -1 0 0 -1 0 1 0 0 1 0 0 1 0 0 1 0 0 -1 0 0 -1 0 0 -1 0 0 -1 0 0 </float_array>
          <technique_common>
            <accessor count="24" offset="0" source="#meshesQ44S-normals-array" stride="3">
              <param name="X" type="float" />
              <param name="Y" type="float" />
              <param name="Z" type="float" />
            </accessor>
          </technique_common>
        </source>
        <vertices id="meshesQ44S-vertices">
          <input semantic="POSITION" source="#meshesQ44S-positions" />
        </vertices>
        <polylist count="12" material="defaultMaterial">
          <input offset="0" semantic="VERTEX" source="#meshesQ44S-vertices" />
          <input offset="0" semantic="NORMAL" source="#meshesQ44S-normals" />
          <vcount>3 3 3 3 3 3 3 3 3 3 3 3 </vcount>
          <p>0 1 2 2 3 0 4 5 6 6 7 4 8 9 10 10 11 8 12 13 14 14 15 12 16 17 18 18 19 16 20 21 22 22 23 20 </p>
        </polylist>
      </mesh>
    </geometry>
    <geometry id="meshesQ45S" name="meshes[45]" >
      <mesh>
        <source id="meshesQ45S-positions" name="meshesQ45S-positions">
          <float_array id="meshesQ45S-positions-array" count="72"> -0.282659054 -0.104783744 -52.3710098 0.282659054 -0.104783744 -52.3710098 0.282659054 0.104783744 -52.3710098 -0.282659054 0.104783744 -52.3710098 -0.282659054 0.104783744 -52.3710098 0.282659054 0.104783744 -52.3710098 0.282659054 0.104783744 -58.4571381 -0.282659054 0.104783744 -58.4571381 -0.282659054 0.104783744 -58.4571381 0.282659054 0.104783744 -58.4571381 0.282659054 -0.104783744 -58.4571381 -0.282659054 -0.104783744 -58.4571381 -0.282659054 -0.104783744 -58.4571381 0.282659054 -0.104783744 -58.4571381 0.282659054 -0.104783744 -52.3710098 -0.282659054 -0.104783744 -52.3710098 0.282659054 -0.104783744 -52.3710098 0.282659054 -0.104783744 -58.4571381 0.282659054 0.104783744 -58.4571381 0.282659054 0.104783744 -52.3710098 -0.282659054 -0.104783744 -58.4571381 -0.282659054 -0.104783744 -52.3710098 -0.282659054 0.104783744 -52.3710098 -0.282659054 0.104783744 -58.4571381 </float_array>
          <technique_common>
            <accessor count="24" offset="0" source="#meshesQ45S-positions-array" stride="3">
              <param name="X" type="float" />
              <param name="Y" type="float" />
              <param name="Z" type="float" />
            </accessor>
          </technique_common>
        </source>
        <source id="meshesQ45S-normals" name="meshesQ45S-normals">
          <float_array id="meshesQ45S-normals-array" count="72"> 0 0 1 0 0 1 0 0 1 0 0 1 0 1 0 0 1 0 0 1 0 0 1 0 0 0 -1 0 0 -1 0 0 -1 0 0 -1 0 -1 0 0 -1 0 0 -1 0 0 -1 0 1 0 0 1 0 0 1 0 0 1 0 0 -1 0 0 -1 0 0 -1 0 0 -1 0 0 </float_array>
          <technique_common>
            <accessor count="24" offset="0" source="#meshesQ45S-normals-array" stride="3">
              <param name="X" type="float" />
              <param name="Y" type="float" />
              <param name="Z" type="float" />
            </accessor>
          </technique_common>
        </source>
        <vertices id="meshesQ45S-vertices">
          <input semantic="POSITION" source="#meshesQ45S-positions" />
        </vertices>
        <polylist count="12" material="defaultMaterial">
          <input offset="0" semantic="VERTEX" source="#meshesQ45S-vertices" />
          <input offset="0" semantic="NORMAL" source="#meshesQ45S-normals" />
          <vcount>3 3 3 3 3 3 3 3 3 3 3 3 </vcount>
          <p>0 1 2 2 3 0 4 5 6 6 7 4 8 9 10 10 11 8 12 13 14 14 15 12 16 17 18 18 19 16 20 21 22 22 23 20 </p>
        </polylist>
      </mesh>
    </geometry>
    <geometry id="meshesQ46S" name="meshes[46]" >
      <mesh>
        <source id="meshesQ46S-positions" name="meshesQ46S-positions">
          <float_array id="meshesQ46S-positions-array" count="144"> -749.952515 319.955688 752.526672 -749.952515 319.955688 746.790833 -749.952515 75.9556885 746.790833 -749.952515 75.9556885 752.526672 -109.286591 78.3382568 746.790833 -227.064392 78.3382568 746.790833 -227.064392 78.3382568 752.526672 -109.286591 78.3382568 752.526672 -227.064392 78.3382568 746.790833 -227.064392 260.338257 746.790833 -227.064392 260.338257 752.526672 -227.064392 78.3382568 752.526672 -109.286591 260.338257 746.790833 -109.286591 78.3382568 746.790833 -109.286591 78.3382568 752.526672 -109.286591 260.338257 752.526672 -749.952515 75.9556885 752.526672 -749.952515 75.9556885 746.790833 750.115845 75.9556885 746.790833 750.114868 75.9556885 752.526672 -227.064392 260.338257 746.790833 -109.286591 260.338257 746.790833 -109.286591 260.338257 752.526672 -227.064392 260.338257 752.526672 750.114868 319.955688 752.526672 750.115845 319.955688 746.790833 -749.952515 319.955688 746.790833 -749.952515 319.955688 752.526672 -227.064392 260.338257 746.790833 -227.064392 78.3382568 746.790833 -749.952515 75.9556885 746.790833 -749.952515 319.955688 746.790833 -109.286591 260.338257 746.790833 750.115845 319.955688 746.790833 -227.064392 260.338257 752.526672 -109.286591 260.338257 752.526672 750.114868 319.955688 752.526672 -749.952515 319.955688 752.526672 -227.064392 78.3382568 752.526672 -749.952515 75.9556885 752.526672 750.114868 75.9556885 752.526672 750.115845 75.9556885 746.790833 750.115845 319.955688 746.790833 750.114868 319.955688 752.526672 750.115845 75.9556885 746.790833 -109.286591 78.3382568 746.790833 -109.286591 78.3382568 752.526672 750.114868 75.9556885 752.526672 </float_array>
          <technique_common>
            <accessor count="48" offset="0" source="#meshesQ46S-positions-array" stride="3">
              <param name="X" type="float" />
              <param name="Y" type="float" />
              <param name="Z" type="float" />
            </accessor>
          </technique_common>
        </source>
        <source id="meshesQ46S-normals" name="meshesQ46S-normals">
          <float_array id="meshesQ46S-normals-array" count="144"> -1 0 -4.4408921e-16 -1 0 -4.4408921e-16 -1 0 -4.4408921e-16 -1 0 -4.4408921e-16 0 -1 0 0 -1 0 0 -1 0 0 -1 0 -1 0 4.4408921e-16 -1 0 4.4408921e-16 -1 0 4.4408921e-16 -1 0 4.4408921e-16 1 0 -4.4408921e-16 1 0 -4.4408921e-16 1 0 -4.4408921e-16 1 0 -4.4408921e-16 0 -1 0 0 -1 0 0 -1 0 0 -1 0 0 1 0 0 1 0 0 1 0 0 1 0 0 1 0 0 1 0 0 1 0 0 1 0 4.4408921e-16 0 -1 4.4408921e-16 0 -1 4.4408921e-16 0 -1 4.4408921e-16 0 -1 4.4408921e-16 0 -1 4.4408921e-16 0 -1 -4.4408921e-16 0 1 -4.4408921e-16 0 1 -4.4408921e-16 0 1 -4.4408921e-16 0 1 -4.4408921e-16 0 1 -4.4408921e-16 0 1 1 0 4.4408921e-16 1 0 4.4408921e-16 1 0 4.4408921e-16 1 0 4.4408921e-16 4.4408921e-16 0 -1 4.4408921e-16 0 -1 -4.4408921e-16 0 1 -4.4408921e-16 0 1 </float_array>
          <technique_common>
            <accessor count="48" offset="0" source="#meshesQ46S-normals-array" stride="3">
              <param name="X" type="float" />
              <param name="Y" type="float" />
              <param name="Z" type="float" />
            </accessor>
          </technique_common>
        </source>
        <vertices id="meshesQ46S-vertices">
          <input semantic="POSITION" source="#meshesQ46S-positions" />
        </vertices>
        <polylist count="32" material="defaultMaterial">
          <input offset="0" semantic="VERTEX" source="#meshesQ46S-vertices" />
          <input offset="0" semantic="NORMAL" source="#meshesQ46S-normals" />
          <vcount>3 3 3 3 3 3 3 3 3 3 3 3 3 3 3 3 3 3 3 3 3 3 3 3 3 3 3 3 3 3 3 3 </vcount>
          <p>0 1 2 2 3 0 4 5 6 6 7 4 8 9 10 10 11 8 12 13 14 14 15 12 16 17 18 18 19 16 20 21 22 22 23 20 24 25 26 26 27 24 28 29 30 28 30 31 32 28 31 32 31 33 34 35 36 34 36 37 38 34 37 39 38 37 40 41 42 42 43 40 44 30 29 44 29 45 44 45 32 44 32 33 46 38 39 46 39 47 35 46 47 35 47 36 </p>
        </polylist>
      </mesh>
    </geometry>
    <geometry id="meshesQ47S" name="meshes[47]" >
      <mesh>
        <source id="meshesQ47S-positions" name="meshesQ47S-positions">
          <float_array id="meshesQ47S-positions-array" count="144"> -83.6722412 75.9556885 574.398438 -83.6722412 75.9556885 564.078979 130.586975 75.9556885 564.078979 130.586975 75.9556885 574.398438 68.0574036 83.9652557 564.078979 -15.2759399 83.9652557 564.078979 -15.2759399 83.9652557 574.398438 68.0574036 83.9652557 574.398438 -83.6722412 319.955688 574.398438 -83.6722412 319.955688 564.078979 -83.6722412 75.9556885 564.078979 -83.6722412 75.9556885 574.398438 -15.2759399 83.9652557 564.078979 -15.2759399 229.448746 564.078979 -15.2759399 229.448746 574.398438 -15.2759399 83.9652557 574.398438 68.0574036 229.448746 564.078979 68.0574036 83.9652557 564.078979 68.0574036 83.9652557 574.398438 68.0574036 229.448746 574.398438 -15.2759399 229.448746 564.078979 68.0574036 229.448746 564.078979 68.0574036 229.448746 574.398438 -15.2759399 229.448746 574.398438 130.586975 75.9556885 574.398438 130.586975 75.9556885 564.078979 130.586975 319.955688 564.078979 130.586975 319.955688 574.398438 130.586975 319.955688 574.398438 130.586975 319.955688 564.078979 -83.6722412 319.955688 564.078979 -83.6722412 319.955688 574.398438 130.586975 75.9556885 564.078979 -83.6722412 75.9556885 564.078979 -15.2759399 83.9652557 564.078979 68.0574036 83.9652557 564.078979 68.0574036 229.448746 564.078979 130.586975 319.955688 564.078979 68.0574036 83.9652557 574.398438 -15.2759399 83.9652557 574.398438 -83.6722412 75.9556885 574.398438 130.586975 75.9556885 574.398438 68.0574036 229.448746 574.398438 130.586975 319.955688 574.398438 -15.2759399 229.448746 564.078979 -83.6722412 319.955688 564.078979 -15.2759399 229.448746 574.398438 -83.6722412 319.955688 574.398438 </float_array>
          <technique_common>
            <accessor count="48" offset="0" source="#meshesQ47S-positions-array" stride="3">
              <param name="X" type="float" />
              <param name="Y" type="float" />
              <param name="Z" type="float" />
            </accessor>
          </technique_common>
        </source>
        <source id="meshesQ47S-normals" name="meshesQ47S-normals">
          <float_array id="meshesQ47S-normals-array" count="144"> 0 -1 0 0 -1 0 0 -1 0 0 -1 0 0 -1 0 0 -1 0 0 -1 0 0 -1 0 -1 0 2.34291071e-15 -1 0 2.34291071e-15 -1 0 2.34291071e-15 -1 0 2.34291071e-15 -1 0 4.4408921e-16 -1 0 4.4408921e-16 -1 0 4.4408921e-16 -1 0 4.4408921e-16 1 0 -4.4408921e-16 1 0 -4.4408921e-16 1 0 -4.4408921e-16 1 0 -4.4408921e-16 0 1 0 0 1 0 0 1 0 0 1 0 1 0 -2.34291071e-15 1 0 -2.34291071e-15 1 0 -2.34291071e-15 1 0 -2.34291071e-15 0 1 0 0 1 0 0 1 0 0 1 0 -2.34291092e-15 0 -1 -2.34291092e-15 0 -1 -2.34291092e-15 0 -1 -2.34291092e-15 0 -1 -2.34291092e-15 0 -1 -2.34291092e-15 0 -1 2.34291092e-15 0 1 2.34291092e-15 0 1 2.34291092e-15 0 1 2.34291092e-15 0 1 2.34291092e-15 0 1 2.34291092e-15 0 1 -2.34291092e-15 0 -1 -2.34291092e-15 0 -1 2.34291092e-15 0 1 2.34291092e-15 0 1 </float_array>
          <technique_common>
            <accessor count="48" offset="0" source="#meshesQ47S-normals-array" stride="3">
              <param name="X" type="float" />
              <param name="Y" type="float" />
              <param name="Z" type="float" />
            </accessor>
          </technique_common>
        </source>
        <vertices id="meshesQ47S-vertices">
          <input semantic="POSITION" source="#meshesQ47S-positions" />
        </vertices>
        <polylist count="32" material="defaultMaterial">
          <input offset="0" semantic="VERTEX" source="#meshesQ47S-vertices" />
          <input offset="0" semantic="NORMAL" source="#meshesQ47S-normals" />
          <vcount>3 3 3 3 3 3 3 3 3 3 3 3 3 3 3 3 3 3 3 3 3 3 3 3 3 3 3 3 3 3 3 3 </vcount>
          <p>0 1 2 2 3 0 4 5 6 6 7 4 8 9 10 10 11 8 12 13 14 14 15 12 16 17 18 18 19 16 20 21 22 22 23 20 24 25 26 26 27 24 28 29 30 30 31 28 32 33 34 32 34 35 32 35 36 32 36 37 38 39 40 38 40 41 42 38 41 42 41 43 44 34 33 44 33 45 36 44 45 36 45 37 46 42 43 46 43 47 39 46 47 40 39 47 </p>
        </polylist>
      </mesh>
    </geometry>
    <geometry id="meshesQ48S" name="meshes[48]" >
      <mesh>
        <source id="meshesQ48S-positions" name="meshesQ48S-positions">
          <float_array id="meshesQ48S-positions-array" count="144"> -83.6722412 75.9556885 368.761108 -83.6722412 75.9556885 358.441681 130.586975 75.9556885 358.441681 130.586975 75.9556885 368.761108 68.0574036 83.9652557 358.441681 -15.2759399 83.9652557 358.441681 -15.2759399 83.9652557 368.761108 68.0574036 83.9652557 368.761108 -83.6722412 319.955688 368.761108 -83.6722412 319.955688 358.441681 -83.6722412 75.9556885 358.441681 -83.6722412 75.9556885 368.761108 -15.2759399 83.9652557 358.441681 -15.2759399 229.448746 358.441681 -15.2759399 229.448746 368.761108 -15.2759399 83.9652557 368.761108 68.0574036 229.448746 358.441681 68.0574036 83.9652557 358.441681 68.0574036 83.9652557 368.761108 68.0574036 229.448746 368.761108 -15.2759399 229.448746 358.441681 68.0574036 229.448746 358.441681 68.0574036 229.448746 368.761108 -15.2759399 229.448746 368.761108 130.586975 75.9556885 368.761108 130.586975 75.9556885 358.441681 130.586975 319.955688 358.441681 130.586975 319.955688 368.761108 130.586975 319.955688 368.761108 130.586975 319.955688 358.441681 -83.6722412 319.955688 358.441681 -83.6722412 319.955688 368.761108 130.586975 75.9556885 358.441681 -83.6722412 75.9556885 358.441681 -15.2759399 83.9652557 358.441681 68.0574036 83.9652557 358.441681 68.0574036 229.448746 358.441681 130.586975 319.955688 358.441681 68.0574036 83.9652557 368.761108 -15.2759399 83.9652557 368.761108 -83.6722412 75.9556885 368.761108 130.586975 75.9556885 368.761108 68.0574036 229.448746 368.761108 130.586975 319.955688 368.761108 -15.2759399 229.448746 358.441681 -83.6722412 319.955688 358.441681 -15.2759399 229.448746 368.761108 -83.6722412 319.955688 368.761108 </float_array>
          <technique_common>
            <accessor count="48" offset="0" source="#meshesQ48S-positions-array" stride="3">
              <param name="X" type="float" />
              <param name="Y" type="float" />
              <param name="Z" type="float" />
            </accessor>
          </technique_common>
        </source>
        <source id="meshesQ48S-normals" name="meshesQ48S-normals">
          <float_array id="meshesQ48S-normals-array" count="144"> 0 -1 0 0 -1 0 0 -1 0 0 -1 0 0 -1 0 0 -1 0 0 -1 0 0 -1 0 -1 0 2.34291071e-15 -1 0 2.34291071e-15 -1 0 2.34291071e-15 -1 0 2.34291071e-15 -1 0 4.4408921e-16 -1 0 4.4408921e-16 -1 0 4.4408921e-16 -1 0 4.4408921e-16 1 0 -4.4408921e-16 1 0 -4.4408921e-16 1 0 -4.4408921e-16 1 0 -4.4408921e-16 0 1 0 0 1 0 0 1 0 0 1 0 1 0 -2.34291071e-15 1 0 -2.34291071e-15 1 0 -2.34291071e-15 1 0 -2.34291071e-15 0 1 0 0 1 0 0 1 0 0 1 0 -2.34291071e-15 0 -1 -2.34291071e-15 0 -1 -2.34291071e-15 0 -1 -2.34291071e-15 0 -1 -2.34291071e-15 0 -1 -2.34291071e-15 0 -1 2.34291071e-15 0 1 2.34291071e-15 0 1 2.34291071e-15 0 1 2.34291071e-15 0 1 2.34291071e-15 0 1 2.34291071e-15 0 1 -2.34291071e-15 0 -1 -2.34291071e-15 0 -1 2.34291071e-15 0 1 2.34291071e-15 0 1 </float_array>
          <technique_common>
            <accessor count="48" offset="0" source="#meshesQ48S-normals-array" stride="3">
              <param name="X" type="float" />
              <param name="Y" type="float" />
              <param name="Z" type="float" />
            </accessor>
          </technique_common>
        </source>
        <vertices id="meshesQ48S-vertices">
          <input semantic="POSITION" source="#meshesQ48S-positions" />
        </vertices>
        <polylist count="32" material="defaultMaterial">
          <input offset="0" semantic="VERTEX" source="#meshesQ48S-vertices" />
          <input offset="0" semantic="NORMAL" source="#meshesQ48S-normals" />
          <vcount>3 3 3 3 3 3 3 3 3 3 3 3 3 3 3 3 3 3 3 3 3 3 3 3 3 3 3 3 3 3 3 3 </vcount>
          <p>0 1 2 2 3 0 4 5 6 6 7 4 8 9 10 10 11 8 12 13 14 14 15 12 16 17 18 18 19 16 20 21 22 22 23 20 24 25 26 26 27 24 28 29 30 30 31 28 32 33 34 32 34 35 32 35 36 32 36 37 38 39 40 38 40 41 42 38 41 42 41 43 44 34 33 44 33 45 36 44 45 36 45 37 46 42 43 46 43 47 39 46 47 40 39 47 </p>
        </polylist>
      </mesh>
    </geometry>
    <geometry id="meshesQ49S" name="meshes[49]" >
      <mesh>
        <source id="meshesQ49S-positions" name="meshesQ49S-positions">
          <float_array id="meshesQ49S-positions-array" count="144"> 540.397644 75.9556885 522.926331 529.08429 75.9556885 522.926331 529.08429 75.9556885 316.132446 540.397644 75.9556885 316.132446 529.08429 83.9652557 376.2388 529.08429 83.9652557 459.572144 540.397644 83.9652557 459.572144 540.397644 83.9652557 376.2388 540.397644 75.9556885 316.132446 529.08429 75.9556885 316.132446 529.08429 319.955688 316.132446 540.397644 319.955688 316.132446 529.08429 229.448746 376.2388 529.08429 83.9652557 376.2388 540.397644 83.9652557 376.2388 540.397644 229.448746 376.2388 529.08429 83.9652557 459.572144 529.08429 229.448746 459.572144 540.397644 229.448746 459.572144 540.397644 83.9652557 459.572144 529.08429 229.448746 459.572144 529.08429 229.448746 376.2388 540.397644 229.448746 376.2388 540.397644 229.448746 459.572144 540.397644 319.955688 522.926331 529.08429 319.955688 522.926331 529.08429 75.9556885 522.926331 540.397644 75.9556885 522.926331 540.397644 319.955688 316.132446 529.08429 319.955688 316.132446 529.08429 319.955688 522.926331 540.397644 319.955688 522.926331 529.08429 83.9652557 459.572144 529.08429 83.9652557 376.2388 529.08429 75.9556885 316.132446 529.08429 75.9556885 522.926331 529.08429 229.448746 459.572144 529.08429 319.955688 522.926331 540.397644 75.9556885 522.926331 540.397644 75.9556885 316.132446 540.397644 83.9652557 376.2388 540.397644 83.9652557 459.572144 540.397644 229.448746 459.572144 540.397644 319.955688 522.926331 529.08429 229.448746 376.2388 529.08429 319.955688 316.132446 540.397644 229.448746 376.2388 540.397644 319.955688 316.132446 </float_array>
          <technique_common>
            <accessor count="48" offset="0" source="#meshesQ49S-positions-array" stride="3">
              <param name="X" type="float" />
              <param name="Y" type="float" />
              <param name="Z" type="float" />
            </accessor>
          </technique_common>
        </source>
        <source id="meshesQ49S-normals" name="meshesQ49S-normals">
          <float_array id="meshesQ49S-normals-array" count="144"> 0 -1 0 0 -1 0 0 -1 0 0 -1 0 0 -1 0 0 -1 0 0 -1 0 0 -1 0 -1.89882171e-15 0 -1 -1.89882171e-15 0 -1 -1.89882171e-15 0 -1 -1.89882171e-15 0 -1 0 0 -1 0 0 -1 0 0 -1 0 0 -1 0 0 1 0 0 1 0 0 1 0 0 1 0 1 0 0 1 0 0 1 0 0 1 0 1.89882171e-15 0 1 1.89882171e-15 0 1 1.89882171e-15 0 1 1.89882171e-15 0 1 0 1 0 0 1 0 0 1 0 0 1 0 -1 0 1.8988215e-15 -1 0 1.8988215e-15 -1 0 1.8988215e-15 -1 0 1.8988215e-15 -1 0 1.8988215e-15 -1 0 1.8988215e-15 1 0 -1.8988215e-15 1 0 -1.8988215e-15 1 0 -1.8988215e-15 1 0 -1.8988215e-15 1 0 -1.8988215e-15 1 0 -1.8988215e-15 -1 0 1.8988215e-15 -1 0 1.8988215e-15 1 0 -1.8988215e-15 1 0 -1.8988215e-15 </float_array>
          <technique_common>
            <accessor count="48" offset="0" source="#meshesQ49S-normals-array" stride="3">
              <param name="X" type="float" />
              <param name="Y" type="float" />
              <param name="Z" type="float" />
            </accessor>
          </technique_common>
        </source>
        <vertices id="meshesQ49S-vertices">
          <input semantic="POSITION" source="#meshesQ49S-positions" />
        </vertices>
        <polylist count="32" material="defaultMaterial">
          <input offset="0" semantic="VERTEX" source="#meshesQ49S-vertices" />
          <input offset="0" semantic="NORMAL" source="#meshesQ49S-normals" />
          <vcount>3 3 3 3 3 3 3 3 3 3 3 3 3 3 3 3 3 3 3 3 3 3 3 3 3 3 3 3 3 3 3 3 </vcount>
          <p>0 1 2 2 3 0 4 5 6 6 7 4 8 9 10 10 11 8 12 13 14 14 15 12 16 17 18 18 19 16 20 21 22 22 23 20 24 25 26 26 27 24 28 29 30 30 31 28 32 33 34 32 34 35 36 32 35 36 35 37 38 39 40 38 40 41 38 41 42 38 42 43 44 36 37 44 37 45 33 44 45 34 33 45 46 40 39 46 39 47 42 46 47 42 47 43 </p>
        </polylist>
      </mesh>
    </geometry>
    <geometry id="meshesQ50S" name="meshes[50]" >
      <mesh>
        <source id="meshesQ50S-positions" name="meshesQ50S-positions">
          <float_array id="meshesQ50S-positions-array" count="144"> 598.866211 75.9556885 -25.9765625 588.723206 75.9556885 -25.9765625 588.723206 75.9556885 -237.553467 598.866211 75.9556885 -237.553467 598.866211 75.9556885 -237.553467 588.723206 75.9556885 -237.553467 588.723206 319.955688 -237.553467 598.866211 319.955688 -237.553467 588.723206 83.9652557 -143.55954 588.723206 83.9652557 -60.2261963 598.866211 83.9652557 -60.2261963 598.866211 83.9652557 -143.55954 588.723206 229.448746 -143.55954 588.723206 83.9652557 -143.55954 598.866211 83.9652557 -143.55954 598.866211 229.448746 -143.55954 588.723206 83.9652557 -60.2261963 588.723206 229.448746 -60.2261963 598.866211 229.448746 -60.2261963 598.866211 83.9652557 -60.2261963 588.723206 229.448746 -60.2261963 588.723206 229.448746 -143.55954 598.866211 229.448746 -143.55954 598.866211 229.448746 -60.2261963 598.866211 319.955688 -25.9765625 588.723206 319.955688 -25.9765625 588.723206 75.9556885 -25.9765625 598.866211 75.9556885 -25.9765625 598.866211 319.955688 -237.553467 588.723206 319.955688 -237.553467 588.723206 319.955688 -25.9765625 598.866211 319.955688 -25.9765625 588.723206 83.9652557 -60.2261963 588.723206 83.9652557 -143.55954 588.723206 75.9556885 -237.553467 588.723206 75.9556885 -25.9765625 588.723206 229.448746 -60.2261963 588.723206 319.955688 -25.9765625 598.866211 75.9556885 -25.9765625 598.866211 75.9556885 -237.553467 598.866211 83.9652557 -143.55954 598.866211 83.9652557 -60.2261963 598.866211 229.448746 -60.2261963 598.866211 319.955688 -25.9765625 588.723206 229.448746 -143.55954 588.723206 319.955688 -237.553467 598.866211 229.448746 -143.55954 598.866211 319.955688 -237.553467 </float_array>
          <technique_common>
            <accessor count="48" offset="0" source="#meshesQ50S-positions-array" stride="3">
              <param name="X" type="float" />
              <param name="Y" type="float" />
              <param name="Z" type="float" />
            </accessor>
          </technique_common>
        </source>
        <source id="meshesQ50S-normals" name="meshesQ50S-normals">
          <float_array id="meshesQ50S-normals-array" count="144"> 0 -1 0 0 -1 0 0 -1 0 0 -1 0 -1.89882171e-15 0 -1 -1.89882171e-15 0 -1 -1.89882171e-15 0 -1 -1.89882171e-15 0 -1 0 -1 0 0 -1 0 0 -1 0 0 -1 0 0 0 -1 0 0 -1 0 0 -1 0 0 -1 0 0 1 0 0 1 0 0 1 0 0 1 0 1 0 0 1 0 0 1 0 0 1 0 1.89882171e-15 0 1 1.89882171e-15 0 1 1.89882171e-15 0 1 1.89882171e-15 0 1 0 1 0 0 1 0 0 1 0 0 1 0 -1 0 1.8988215e-15 -1 0 1.8988215e-15 -1 0 1.8988215e-15 -1 0 1.8988215e-15 -1 0 1.8988215e-15 -1 0 1.8988215e-15 1 0 -1.8988215e-15 1 0 -1.8988215e-15 1 0 -1.8988215e-15 1 0 -1.8988215e-15 1 0 -1.8988215e-15 1 0 -1.8988215e-15 -1 0 1.8988215e-15 -1 0 1.8988215e-15 1 0 -1.8988215e-15 1 0 -1.8988215e-15 </float_array>
          <technique_common>
            <accessor count="48" offset="0" source="#meshesQ50S-normals-array" stride="3">
              <param name="X" type="float" />
              <param name="Y" type="float" />
              <param name="Z" type="float" />
            </accessor>
          </technique_common>
        </source>
        <vertices id="meshesQ50S-vertices">
          <input semantic="POSITION" source="#meshesQ50S-positions" />
        </vertices>
        <polylist count="32" material="defaultMaterial">
          <input offset="0" semantic="VERTEX" source="#meshesQ50S-vertices" />
          <input offset="0" semantic="NORMAL" source="#meshesQ50S-normals" />
          <vcount>3 3 3 3 3 3 3 3 3 3 3 3 3 3 3 3 3 3 3 3 3 3 3 3 3 3 3 3 3 3 3 3 </vcount>
          <p>0 1 2 2 3 0 4 5 6 6 7 4 8 9 10 10 11 8 12 13 14 14 15 12 16 17 18 18 19 16 20 21 22 22 23 20 24 25 26 26 27 24 28 29 30 30 31 28 32 33 34 32 34 35 36 32 35 36 35 37 38 39 40 38 40 41 38 41 42 38 42 43 44 36 37 44 37 45 33 44 45 34 33 45 46 40 39 46 39 47 42 46 47 42 47 43 </p>
        </polylist>
      </mesh>
    </geometry>
    <geometry id="meshesQ51S" name="meshes[51]" >
      <mesh>
        <source id="meshesQ51S-positions" name="meshesQ51S-positions">
          <float_array id="meshesQ51S-positions-array" count="144"> 495.709045 83.9652557 -237.844574 412.375702 83.9652557 -237.844574 412.375702 83.9652557 -228.9608 495.709045 83.9652557 -228.9608 376.588379 75.9556885 -228.9608 376.588379 75.9556885 -237.844574 593.995667 75.9556885 -237.844574 593.995667 75.9556885 -228.9608 412.375702 83.9652557 -237.844574 412.375702 229.448746 -237.844574 412.375702 229.448746 -228.9608 412.375702 83.9652557 -228.9608 376.588379 319.955688 -228.9608 376.588379 319.955688 -237.844574 376.588379 75.9556885 -237.844574 376.588379 75.9556885 -228.9608 495.709045 229.448746 -237.844574 495.709045 83.9652557 -237.844574 495.709045 83.9652557 -228.9608 495.709045 229.448746 -228.9608 412.375702 229.448746 -237.844574 495.709045 229.448746 -237.844574 495.709045 229.448746 -228.9608 412.375702 229.448746 -228.9608 593.995667 75.9556885 -228.9608 593.995667 75.9556885 -237.844574 593.995667 319.955688 -237.844574 593.995667 319.955688 -228.9608 593.995667 319.955688 -228.9608 593.995667 319.955688 -237.844574 376.588379 319.955688 -237.844574 376.588379 319.955688 -228.9608 593.995667 75.9556885 -237.844574 376.588379 75.9556885 -237.844574 412.375702 83.9652557 -237.844574 495.709045 83.9652557 -237.844574 495.709045 229.448746 -237.844574 593.995667 319.955688 -237.844574 495.709045 83.9652557 -228.9608 412.375702 83.9652557 -228.9608 376.588379 75.9556885 -228.9608 593.995667 75.9556885 -228.9608 495.709045 229.448746 -228.9608 593.995667 319.955688 -228.9608 412.375702 229.448746 -237.844574 376.588379 319.955688 -237.844574 412.375702 229.448746 -228.9608 376.588379 319.955688 -228.9608 </float_array>
          <technique_common>
            <accessor count="48" offset="0" source="#meshesQ51S-positions-array" stride="3">
              <param name="X" type="float" />
              <param name="Y" type="float" />
              <param name="Z" type="float" />
            </accessor>
          </technique_common>
        </source>
        <source id="meshesQ51S-normals" name="meshesQ51S-normals">
          <float_array id="meshesQ51S-normals-array" count="144"> 0 -1 0 0 -1 0 0 -1 0 0 -1 0 0 -1 0 0 -1 0 0 -1 0 0 -1 0 -1 0 4.4408921e-16 -1 0 4.4408921e-16 -1 0 4.4408921e-16 -1 0 4.4408921e-16 -1 0 2.34291071e-15 -1 0 2.34291071e-15 -1 0 2.34291071e-15 -1 0 2.34291071e-15 1 0 -4.4408921e-16 1 0 -4.4408921e-16 1 0 -4.4408921e-16 1 0 -4.4408921e-16 0 1 0 0 1 0 0 1 0 0 1 0 1 0 -2.34291071e-15 1 0 -2.34291071e-15 1 0 -2.34291071e-15 1 0 -2.34291071e-15 0 1 0 0 1 0 0 1 0 0 1 0 -2.34291071e-15 0 -1 -2.34291071e-15 0 -1 -2.34291071e-15 0 -1 -2.34291071e-15 0 -1 -2.34291071e-15 0 -1 -2.34291071e-15 0 -1 2.34291071e-15 0 1 2.34291071e-15 0 1 2.34291071e-15 0 1 2.34291071e-15 0 1 2.34291071e-15 0 1 2.34291071e-15 0 1 -2.34291071e-15 0 -1 -2.34291071e-15 0 -1 2.34291071e-15 0 1 2.34291071e-15 0 1 </float_array>
          <technique_common>
            <accessor count="48" offset="0" source="#meshesQ51S-normals-array" stride="3">
              <param name="X" type="float" />
              <param name="Y" type="float" />
              <param name="Z" type="float" />
            </accessor>
          </technique_common>
        </source>
        <vertices id="meshesQ51S-vertices">
          <input semantic="POSITION" source="#meshesQ51S-positions" />
        </vertices>
        <polylist count="32" material="defaultMaterial">
          <input offset="0" semantic="VERTEX" source="#meshesQ51S-vertices" />
          <input offset="0" semantic="NORMAL" source="#meshesQ51S-normals" />
          <vcount>3 3 3 3 3 3 3 3 3 3 3 3 3 3 3 3 3 3 3 3 3 3 3 3 3 3 3 3 3 3 3 3 </vcount>
          <p>0 1 2 2 3 0 4 5 6 6 7 4 8 9 10 10 11 8 12 13 14 14 15 12 16 17 18 18 19 16 20 21 22 22 23 20 24 25 26 26 27 24 28 29 30 30 31 28 32 33 34 32 34 35 32 35 36 32 36 37 38 39 40 38 40 41 42 38 41 42 41 43 44 34 33 44 33 45 36 44 45 36 45 37 46 42 43 46 43 47 39 46 47 40 39 47 </p>
        </polylist>
      </mesh>
    </geometry>
    <geometry id="meshesQ52S" name="meshes[52]" >
      <mesh>
        <source id="meshesQ52S-positions" name="meshesQ52S-positions">
          <float_array id="meshesQ52S-positions-array" count="144"> 592.053101 75.9556885 -548.190491 592.053101 75.9556885 -538.734375 377.183685 75.9556885 -538.734375 377.183685 75.9556885 -548.190491 521.431335 83.9652557 -548.190491 438.097992 83.9652557 -548.190491 438.097992 83.9652557 -538.734375 521.431335 83.9652557 -538.734375 377.183685 75.9556885 -548.190491 377.183685 75.9556885 -538.734375 377.183685 319.955688 -538.734375 377.183685 319.955688 -548.190491 438.097992 83.9652557 -548.190491 438.097992 229.448746 -548.190491 438.097992 229.448746 -538.734375 438.097992 83.9652557 -538.734375 521.431335 229.448746 -548.190491 521.431335 83.9652557 -548.190491 521.431335 83.9652557 -538.734375 521.431335 229.448746 -538.734375 438.097992 229.448746 -548.190491 521.431335 229.448746 -548.190491 521.431335 229.448746 -538.734375 438.097992 229.448746 -538.734375 592.053101 75.9556885 -548.190491 377.183685 75.9556885 -548.190491 438.097992 83.9652557 -548.190491 521.431335 83.9652557 -548.190491 521.431335 229.448746 -548.190491 592.053101 319.955688 -548.190491 592.053101 319.955688 -548.190491 592.053101 319.955688 -538.734375 592.053101 75.9556885 -538.734375 592.053101 75.9556885 -548.190491 521.431335 83.9652557 -538.734375 438.097992 83.9652557 -538.734375 377.183685 75.9556885 -538.734375 592.053101 75.9556885 -538.734375 521.431335 229.448746 -538.734375 592.053101 319.955688 -538.734375 377.183685 319.955688 -548.190491 377.183685 319.955688 -538.734375 592.053101 319.955688 -538.734375 592.053101 319.955688 -548.190491 438.097992 229.448746 -548.190491 377.183685 319.955688 -548.190491 438.097992 229.448746 -538.734375 377.183685 319.955688 -538.734375 </float_array>
          <technique_common>
            <accessor count="48" offset="0" source="#meshesQ52S-positions-array" stride="3">
              <param name="X" type="float" />
              <param name="Y" type="float" />
              <param name="Z" type="float" />
            </accessor>
          </technique_common>
        </source>
        <source id="meshesQ52S-normals" name="meshesQ52S-normals">
          <float_array id="meshesQ52S-normals-array" count="144"> 0 -1 0 0 -1 0 0 -1 0 0 -1 0 0 -1 0 0 -1 0 0 -1 0 0 -1 0 -1 0 4.4408921e-16 -1 0 4.4408921e-16 -1 0 4.4408921e-16 -1 0 4.4408921e-16 -1 0 4.4408921e-16 -1 0 4.4408921e-16 -1 0 4.4408921e-16 -1 0 4.4408921e-16 1 0 -4.4408921e-16 1 0 -4.4408921e-16 1 0 -4.4408921e-16 1 0 -4.4408921e-16 0 1 0 0 1 0 0 1 0 0 1 0 -4.4408921e-16 0 -1 -4.4408921e-16 0 -1 -4.4408921e-16 0 -1 -4.4408921e-16 0 -1 -4.4408921e-16 0 -1 -4.4408921e-16 0 -1 1 0 -4.4408921e-16 1 0 -4.4408921e-16 1 0 -4.4408921e-16 1 0 -4.4408921e-16 4.4408921e-16 0 1 4.4408921e-16 0 1 4.4408921e-16 0 1 4.4408921e-16 0 1 4.4408921e-16 0 1 4.4408921e-16 0 1 0 1 0 0 1 0 0 1 0 0 1 0 -4.4408921e-16 0 -1 -4.4408921e-16 0 -1 4.4408921e-16 0 1 4.4408921e-16 0 1 </float_array>
          <technique_common>
            <accessor count="48" offset="0" source="#meshesQ52S-normals-array" stride="3">
              <param name="X" type="float" />
              <param name="Y" type="float" />
              <param name="Z" type="float" />
            </accessor>
          </technique_common>
        </source>
        <vertices id="meshesQ52S-vertices">
          <input semantic="POSITION" source="#meshesQ52S-positions" />
        </vertices>
        <polylist count="32" material="defaultMaterial">
          <input offset="0" semantic="VERTEX" source="#meshesQ52S-vertices" />
          <input offset="0" semantic="NORMAL" source="#meshesQ52S-normals" />
          <vcount>3 3 3 3 3 3 3 3 3 3 3 3 3 3 3 3 3 3 3 3 3 3 3 3 3 3 3 3 3 3 3 3 </vcount>
          <p>0 1 2 2 3 0 4 5 6 6 7 4 8 9 10 10 11 8 12 13 14 14 15 12 16 17 18 18 19 16 20 21 22 22 23 20 24 25 26 24 26 27 24 27 28 24 28 29 30 31 32 32 33 30 34 35 36 34 36 37 38 34 37 38 37 39 40 41 42 42 43 40 44 26 25 44 25 45 28 44 45 28 45 29 46 38 39 46 39 47 35 46 47 36 35 47 </p>
        </polylist>
      </mesh>
    </geometry>
    <geometry id="meshesQ53S" name="meshes[53]" >
      <mesh>
        <source id="meshesQ53S-positions" name="meshesQ53S-positions">
          <float_array id="meshesQ53S-positions-array" count="144"> -540.202454 319.955688 -17.0618286 -530.058899 319.955688 -17.0618286 -530.058899 319.955688 -225.926147 -540.202454 319.955688 -225.926147 -540.202454 75.9556885 -17.0618286 -530.058899 75.9556885 -17.0618286 -530.058899 319.955688 -17.0618286 -540.202454 319.955688 -17.0618286 -540.202454 229.448746 -68.1407471 -540.202454 229.448746 -151.474091 -530.058899 229.448746 -151.474091 -530.058899 229.448746 -68.1407471 -540.202454 83.9652557 -68.1407471 -540.202454 229.448746 -68.1407471 -530.058899 229.448746 -68.1407471 -530.058899 83.9652557 -68.1407471 -540.202454 229.448746 -151.474091 -540.202454 83.9652557 -151.474091 -530.058899 83.9652557 -151.474091 -530.058899 229.448746 -151.474091 -540.202454 83.9652557 -151.474091 -540.202454 83.9652557 -68.1407471 -530.058899 83.9652557 -68.1407471 -530.058899 83.9652557 -151.474091 -540.202454 319.955688 -225.926147 -530.058899 319.955688 -225.926147 -530.058899 75.9556885 -225.926147 -540.202454 75.9556885 -225.926147 -540.202454 75.9556885 -225.926147 -530.058899 75.9556885 -225.926147 -530.058899 75.9556885 -17.0618286 -540.202454 75.9556885 -17.0618286 -530.058899 229.448746 -151.474091 -530.058899 83.9652557 -151.474091 -530.058899 75.9556885 -225.926147 -530.058899 319.955688 -225.926147 -530.058899 229.448746 -68.1407471 -530.058899 319.955688 -17.0618286 -540.202454 229.448746 -151.474091 -540.202454 229.448746 -68.1407471 -540.202454 319.955688 -17.0618286 -540.202454 319.955688 -225.926147 -540.202454 83.9652557 -151.474091 -540.202454 75.9556885 -225.926147 -530.058899 75.9556885 -17.0618286 -530.058899 83.9652557 -68.1407471 -540.202454 83.9652557 -68.1407471 -540.202454 75.9556885 -17.0618286 </float_array>
          <technique_common>
            <accessor count="48" offset="0" source="#meshesQ53S-positions-array" stride="3">
              <param name="X" type="float" />
              <param name="Y" type="float" />
              <param name="Z" type="float" />
            </accessor>
          </technique_common>
        </source>
        <source id="meshesQ53S-normals" name="meshesQ53S-normals">
          <float_array id="meshesQ53S-normals-array" count="144"> 0 1 0 0 1 0 0 1 0 0 1 0 0 0 1 0 0 1 0 0 1 0 0 1 0 1 0 0 1 0 0 1 0 0 1 0 0 0 1 0 0 1 0 0 1 0 0 1 0 0 -1 0 0 -1 0 0 -1 0 0 -1 0 -1 0 0 -1 0 0 -1 0 0 -1 0 0 0 -1 0 0 -1 0 0 -1 0 0 -1 0 -1 0 0 -1 0 0 -1 0 0 -1 0 1 0 0 1 0 0 1 0 0 1 0 0 1 0 0 1 0 0 -1 0 0 -1 0 0 -1 0 0 -1 0 0 -1 0 0 -1 0 0 1 0 0 1 0 0 -1 0 0 -1 0 0 </float_array>
          <technique_common>
            <accessor count="48" offset="0" source="#meshesQ53S-normals-array" stride="3">
              <param name="X" type="float" />
              <param name="Y" type="float" />
              <param name="Z" type="float" />
            </accessor>
          </technique_common>
        </source>
        <vertices id="meshesQ53S-vertices">
          <input semantic="POSITION" source="#meshesQ53S-positions" />
        </vertices>
        <polylist count="32" material="defaultMaterial">
          <input offset="0" semantic="VERTEX" source="#meshesQ53S-vertices" />
          <input offset="0" semantic="NORMAL" source="#meshesQ53S-normals" />
          <vcount>3 3 3 3 3 3 3 3 3 3 3 3 3 3 3 3 3 3 3 3 3 3 3 3 3 3 3 3 3 3 3 3 </vcount>
          <p>0 1 2 2 3 0 4 5 6 6 7 4 8 9 10 10 11 8 12 13 14 14 15 12 16 17 18 18 19 16 20 21 22 22 23 20 24 25 26 26 27 24 28 29 30 30 31 28 32 33 34 32 34 35 36 32 35 36 35 37 38 39 40 38 40 41 42 38 41 43 42 41 44 34 33 44 33 45 44 45 36 44 36 37 46 42 43 46 43 47 39 46 47 39 47 40 </p>
        </polylist>
      </mesh>
    </geometry>
    <geometry id="meshesQ54S" name="meshes[54]" >
      <mesh>
        <source id="meshesQ54S-positions" name="meshesQ54S-positions">
          <float_array id="meshesQ54S-positions-array" count="144"> -604.48999 229.448746 497.780731 -604.48999 83.9652557 497.780731 -604.48999 83.9652557 506.789978 -604.48999 229.448746 506.789978 -530.430054 75.9556885 497.780731 -746.475647 75.9556885 497.780731 -687.823303 83.9652557 497.780731 -604.48999 83.9652557 497.780731 -604.48999 229.448746 497.780731 -530.430054 319.955688 497.780731 -604.48999 83.9652557 506.789978 -687.823303 83.9652557 506.789978 -746.475647 75.9556885 506.789978 -530.430054 75.9556885 506.789978 -604.48999 229.448746 506.789978 -530.430054 319.955688 506.789978 -687.823303 229.448746 497.780731 -604.48999 229.448746 497.780731 -604.48999 229.448746 506.789978 -687.823303 229.448746 506.789978 -687.823303 229.448746 497.780731 -746.475647 319.955688 497.780731 -687.823303 229.448746 506.789978 -746.475647 319.955688 506.789978 -530.430054 319.955688 497.780731 -530.430054 319.955688 506.789978 -530.430054 75.9556885 506.789978 -530.430054 75.9556885 497.780731 -746.475647 319.955688 497.780731 -746.475647 319.955688 506.789978 -530.430054 319.955688 506.789978 -530.430054 319.955688 497.780731 -687.823303 83.9652557 497.780731 -687.823303 229.448746 497.780731 -687.823303 229.448746 506.789978 -687.823303 83.9652557 506.789978 -746.475647 75.9556885 497.780731 -746.475647 75.9556885 506.789978 -746.475647 319.955688 506.789978 -746.475647 319.955688 497.780731 -604.48999 83.9652557 497.780731 -687.823303 83.9652557 497.780731 -687.823303 83.9652557 506.789978 -604.48999 83.9652557 506.789978 -530.430054 75.9556885 497.780731 -530.430054 75.9556885 506.789978 -746.475647 75.9556885 506.789978 -746.475647 75.9556885 497.780731 </float_array>
          <technique_common>
            <accessor count="48" offset="0" source="#meshesQ54S-positions-array" stride="3">
              <param name="X" type="float" />
              <param name="Y" type="float" />
              <param name="Z" type="float" />
            </accessor>
          </technique_common>
        </source>
        <source id="meshesQ54S-normals" name="meshesQ54S-normals">
          <float_array id="meshesQ54S-normals-array" count="144"> 1 0 -4.4408921e-16 1 0 -4.4408921e-16 1 0 -4.4408921e-16 1 0 -4.4408921e-16 -4.4408921e-16 0 -1 -4.4408921e-16 0 -1 -4.4408921e-16 0 -1 -4.4408921e-16 0 -1 -4.4408921e-16 0 -1 -4.4408921e-16 0 -1 4.4408921e-16 0 1 4.4408921e-16 0 1 4.4408921e-16 0 1 4.4408921e-16 0 1 4.4408921e-16 0 1 4.4408921e-16 0 1 0 1 0 0 1 0 0 1 0 0 1 0 -4.4408921e-16 0 -1 -4.4408921e-16 0 -1 4.4408921e-16 0 1 4.4408921e-16 0 1 1 0 -4.4408921e-16 1 0 -4.4408921e-16 1 0 -4.4408921e-16 1 0 -4.4408921e-16 0 1 0 0 1 0 0 1 0 0 1 0 -1 0 4.4408921e-16 -1 0 4.4408921e-16 -1 0 4.4408921e-16 -1 0 4.4408921e-16 -1 0 4.4408921e-16 -1 0 4.4408921e-16 -1 0 4.4408921e-16 -1 0 4.4408921e-16 0 -1 0 0 -1 0 0 -1 0 0 -1 0 0 -1 0 0 -1 0 0 -1 0 0 -1 0 </float_array>
          <technique_common>
            <accessor count="48" offset="0" source="#meshesQ54S-normals-array" stride="3">
              <param name="X" type="float" />
              <param name="Y" type="float" />
              <param name="Z" type="float" />
            </accessor>
          </technique_common>
        </source>
        <vertices id="meshesQ54S-vertices">
          <input semantic="POSITION" source="#meshesQ54S-positions" />
        </vertices>
        <polylist count="32" material="defaultMaterial">
          <input offset="0" semantic="VERTEX" source="#meshesQ54S-vertices" />
          <input offset="0" semantic="NORMAL" source="#meshesQ54S-normals" />
          <vcount>3 3 3 3 3 3 3 3 3 3 3 3 3 3 3 3 3 3 3 3 3 3 3 3 3 3 3 3 3 3 3 3 </vcount>
          <p>0 1 2 2 3 0 4 5 6 4 6 7 4 7 8 4 8 9 10 11 12 10 12 13 14 10 13 14 13 15 16 17 18 18 19 16 20 6 5 20 5 21 8 20 21 8 21 9 22 14 15 22 15 23 11 22 23 12 11 23 24 25 26 26 27 24 28 29 30 30 31 28 32 33 34 34 35 32 36 37 38 38 39 36 40 41 42 42 43 40 44 45 46 46 47 44 </p>
        </polylist>
      </mesh>
    </geometry>
    <geometry id="meshesQ55S" name="meshes[55]" >
      <mesh>
        <source id="meshesQ55S-positions" name="meshesQ55S-positions">
          <float_array id="meshesQ55S-positions-array" count="144"> -158.175858 319.955688 -543.051941 -148.738419 319.955688 -543.051941 -148.738419 319.955688 -749.845825 -158.175858 319.955688 -749.845825 -158.175858 75.9556885 -543.051941 -148.738419 75.9556885 -543.051941 -148.738419 319.955688 -543.051941 -158.175858 319.955688 -543.051941 -158.175858 229.448746 -604.351807 -158.175858 229.448746 -687.68512 -148.738419 229.448746 -687.68512 -148.738419 229.448746 -604.351807 -158.175858 83.9652557 -604.351807 -158.175858 229.448746 -604.351807 -148.738419 229.448746 -604.351807 -148.738419 83.9652557 -604.351807 -158.175858 229.448746 -687.68512 -158.175858 83.9652557 -687.68512 -148.738419 83.9652557 -687.68512 -148.738419 229.448746 -687.68512 -158.175858 319.955688 -749.845825 -148.738419 319.955688 -749.845825 -148.738419 75.9556885 -749.845825 -158.175858 75.9556885 -749.845825 -158.175858 83.9652557 -687.68512 -158.175858 83.9652557 -604.351807 -148.738419 83.9652557 -604.351807 -148.738419 83.9652557 -687.68512 -158.175858 75.9556885 -749.845825 -148.738419 75.9556885 -749.845825 -148.738419 75.9556885 -543.051941 -158.175858 75.9556885 -543.051941 -148.738419 229.448746 -687.68512 -148.738419 83.9652557 -687.68512 -148.738419 75.9556885 -749.845825 -148.738419 319.955688 -749.845825 -148.738419 229.448746 -604.351807 -148.738419 319.955688 -543.051941 -158.175858 229.448746 -687.68512 -158.175858 229.448746 -604.351807 -158.175858 319.955688 -543.051941 -158.175858 319.955688 -749.845825 -158.175858 83.9652557 -687.68512 -158.175858 75.9556885 -749.845825 -148.738419 75.9556885 -543.051941 -148.738419 83.9652557 -604.351807 -158.175858 83.9652557 -604.351807 -158.175858 75.9556885 -543.051941 </float_array>
          <technique_common>
            <accessor count="48" offset="0" source="#meshesQ55S-positions-array" stride="3">
              <param name="X" type="float" />
              <param name="Y" type="float" />
              <param name="Z" type="float" />
            </accessor>
          </technique_common>
        </source>
        <source id="meshesQ55S-normals" name="meshesQ55S-normals">
          <float_array id="meshesQ55S-normals-array" count="144"> 0 1 0 0 1 0 0 1 0 0 1 0 0 0 1 0 0 1 0 0 1 0 0 1 0 1 0 0 1 0 0 1 0 0 1 0 0 0 1 0 0 1 0 0 1 0 0 1 0 0 -1 0 0 -1 0 0 -1 0 0 -1 0 0 -1 0 0 -1 0 0 -1 0 0 -1 0 -1 0 0 -1 0 0 -1 0 0 -1 0 0 -1 0 0 -1 0 0 -1 0 0 -1 0 1 0 0 1 0 0 1 0 0 1 0 0 1 0 0 1 0 0 -1 0 0 -1 0 0 -1 0 0 -1 0 0 -1 0 0 -1 0 0 1 0 0 1 0 0 -1 0 0 -1 0 0 </float_array>
          <technique_common>
            <accessor count="48" offset="0" source="#meshesQ55S-normals-array" stride="3">
              <param name="X" type="float" />
              <param name="Y" type="float" />
              <param name="Z" type="float" />
            </accessor>
          </technique_common>
        </source>
        <vertices id="meshesQ55S-vertices">
          <input semantic="POSITION" source="#meshesQ55S-positions" />
        </vertices>
        <polylist count="32" material="defaultMaterial">
          <input offset="0" semantic="VERTEX" source="#meshesQ55S-vertices" />
          <input offset="0" semantic="NORMAL" source="#meshesQ55S-normals" />
          <vcount>3 3 3 3 3 3 3 3 3 3 3 3 3 3 3 3 3 3 3 3 3 3 3 3 3 3 3 3 3 3 3 3 </vcount>
          <p>0 1 2 2 3 0 4 5 6 6 7 4 8 9 10 10 11 8 12 13 14 14 15 12 16 17 18 18 19 16 20 21 22 22 23 20 24 25 26 26 27 24 28 29 30 30 31 28 32 33 34 32 34 35 36 32 35 36 35 37 38 39 40 38 40 41 42 38 41 43 42 41 44 34 33 44 33 45 44 45 36 44 36 37 46 42 43 46 43 47 39 46 47 39 47 40 </p>
        </polylist>
      </mesh>
    </geometry>
    <geometry id="meshesQ56S" name="meshes[56]" >
      <mesh>
        <source id="meshesQ56S-positions" name="meshesQ56S-positions">
          <float_array id="meshesQ56S-positions-array" count="144"> -540.202454 319.955688 -543.051941 -531.335571 319.955688 -543.051941 -531.335571 319.955688 -749.845825 -540.202454 319.955688 -749.845825 -540.202454 75.9556885 -543.051941 -531.335571 75.9556885 -543.051941 -531.335571 319.955688 -543.051941 -540.202454 319.955688 -543.051941 -540.202454 229.448746 -632.052734 -540.202454 229.448746 -715.386108 -531.335571 229.448746 -715.386108 -531.335571 229.448746 -632.052734 -540.202454 83.9652557 -632.052734 -540.202454 229.448746 -632.052734 -531.335571 229.448746 -632.052734 -531.335571 83.9652557 -632.052734 -540.202454 319.955688 -749.845825 -531.335571 319.955688 -749.845825 -531.335571 75.9556885 -749.845825 -540.202454 75.9556885 -749.845825 -540.202454 229.448746 -715.386108 -540.202454 83.9652557 -715.386108 -531.335571 83.9652557 -715.386108 -531.335571 229.448746 -715.386108 -540.202454 75.9556885 -749.845825 -531.335571 75.9556885 -749.845825 -531.335571 75.9556885 -543.051941 -540.202454 75.9556885 -543.051941 -540.202454 83.9652557 -715.386108 -540.202454 83.9652557 -632.052734 -531.335571 83.9652557 -632.052734 -531.335571 83.9652557 -715.386108 -531.335571 229.448746 -715.386108 -531.335571 83.9652557 -715.386108 -531.335571 75.9556885 -749.845825 -531.335571 319.955688 -749.845825 -531.335571 229.448746 -632.052734 -531.335571 319.955688 -543.051941 -540.202454 229.448746 -715.386108 -540.202454 229.448746 -632.052734 -540.202454 319.955688 -543.051941 -540.202454 319.955688 -749.845825 -540.202454 83.9652557 -715.386108 -540.202454 75.9556885 -749.845825 -531.335571 75.9556885 -543.051941 -531.335571 83.9652557 -632.052734 -540.202454 83.9652557 -632.052734 -540.202454 75.9556885 -543.051941 </float_array>
          <technique_common>
            <accessor count="48" offset="0" source="#meshesQ56S-positions-array" stride="3">
              <param name="X" type="float" />
              <param name="Y" type="float" />
              <param name="Z" type="float" />
            </accessor>
          </technique_common>
        </source>
        <source id="meshesQ56S-normals" name="meshesQ56S-normals">
          <float_array id="meshesQ56S-normals-array" count="144"> 0 1 0 0 1 0 0 1 0 0 1 0 0 0 1 0 0 1 0 0 1 0 0 1 0 1 0 0 1 0 0 1 0 0 1 0 0 0 1 0 0 1 0 0 1 0 0 1 0 0 -1 0 0 -1 0 0 -1 0 0 -1 0 0 -1 0 0 -1 0 0 -1 0 0 -1 0 -1 0 0 -1 0 0 -1 0 0 -1 0 0 -1 0 0 -1 0 0 -1 0 0 -1 0 1 0 0 1 0 0 1 0 0 1 0 0 1 0 0 1 0 0 -1 0 0 -1 0 0 -1 0 0 -1 0 0 -1 0 0 -1 0 0 1 0 0 1 0 0 -1 0 0 -1 0 0 </float_array>
          <technique_common>
            <accessor count="48" offset="0" source="#meshesQ56S-normals-array" stride="3">
              <param name="X" type="float" />
              <param name="Y" type="float" />
              <param name="Z" type="float" />
            </accessor>
          </technique_common>
        </source>
        <vertices id="meshesQ56S-vertices">
          <input semantic="POSITION" source="#meshesQ56S-positions" />
        </vertices>
        <polylist count="32" material="defaultMaterial">
          <input offset="0" semantic="VERTEX" source="#meshesQ56S-vertices" />
          <input offset="0" semantic="NORMAL" source="#meshesQ56S-normals" />
          <vcount>3 3 3 3 3 3 3 3 3 3 3 3 3 3 3 3 3 3 3 3 3 3 3 3 3 3 3 3 3 3 3 3 </vcount>
          <p>0 1 2 2 3 0 4 5 6 6 7 4 8 9 10 10 11 8 12 13 14 14 15 12 16 17 18 18 19 16 20 21 22 22 23 20 24 25 26 26 27 24 28 29 30 30 31 28 32 33 34 32 34 35 36 32 35 36 35 37 38 39 40 38 40 41 42 38 41 43 42 41 44 34 33 44 33 45 44 45 36 44 36 37 46 42 43 46 43 47 39 46 47 39 47 40 </p>
        </polylist>
      </mesh>
    </geometry>
    <geometry id="meshesQ57S" name="meshes[57]" >
      <mesh>
        <source id="meshesQ57S-positions" name="meshesQ57S-positions">
          <float_array id="meshesQ57S-positions-array" count="144"> -745.134216 319.955688 -548.190491 -745.134216 319.955688 -538.781006 -531.22937 319.955688 -538.781006 -531.22937 319.955688 -548.190491 -531.22937 319.955688 -548.190491 -531.22937 319.955688 -538.781006 -531.22937 75.9556885 -538.781006 -531.22937 75.9556885 -548.190491 -709.51239 229.448746 -548.190491 -626.179077 229.448746 -548.190491 -626.179077 229.448746 -538.781006 -709.51239 229.448746 -538.781006 -626.179077 229.448746 -548.190491 -626.179077 83.9652557 -548.190491 -626.179077 83.9652557 -538.781006 -626.179077 229.448746 -538.781006 -745.134216 75.9556885 -548.190491 -745.134216 75.9556885 -538.781006 -745.134216 319.955688 -538.781006 -745.134216 319.955688 -548.190491 -709.51239 83.9652557 -548.190491 -709.51239 229.448746 -548.190491 -709.51239 229.448746 -538.781006 -709.51239 83.9652557 -538.781006 -531.22937 75.9556885 -548.190491 -531.22937 75.9556885 -538.781006 -745.134216 75.9556885 -538.781006 -745.134216 75.9556885 -548.190491 -626.179077 83.9652557 -548.190491 -709.51239 83.9652557 -548.190491 -709.51239 83.9652557 -538.781006 -626.179077 83.9652557 -538.781006 -709.51239 229.448746 -538.781006 -626.179077 229.448746 -538.781006 -531.22937 319.955688 -538.781006 -745.134216 319.955688 -538.781006 -709.51239 83.9652557 -538.781006 -745.134216 75.9556885 -538.781006 -709.51239 229.448746 -548.190491 -709.51239 83.9652557 -548.190491 -745.134216 75.9556885 -548.190491 -745.134216 319.955688 -548.190491 -626.179077 229.448746 -548.190491 -531.22937 319.955688 -548.190491 -626.179077 83.9652557 -538.781006 -531.22937 75.9556885 -538.781006 -531.22937 75.9556885 -548.190491 -626.179077 83.9652557 -548.190491 </float_array>
          <technique_common>
            <accessor count="48" offset="0" source="#meshesQ57S-positions-array" stride="3">
              <param name="X" type="float" />
              <param name="Y" type="float" />
              <param name="Z" type="float" />
            </accessor>
          </technique_common>
        </source>
        <source id="meshesQ57S-normals" name="meshesQ57S-normals">
          <float_array id="meshesQ57S-normals-array" count="144"> 0 1 0 0 1 0 0 1 0 0 1 0 1 0 -4.4408921e-16 1 0 -4.4408921e-16 1 0 -4.4408921e-16 1 0 -4.4408921e-16 0 1 0 0 1 0 0 1 0 0 1 0 1 0 -4.4408921e-16 1 0 -4.4408921e-16 1 0 -4.4408921e-16 1 0 -4.4408921e-16 -1 0 4.4408921e-16 -1 0 4.4408921e-16 -1 0 4.4408921e-16 -1 0 4.4408921e-16 -1 0 4.4408921e-16 -1 0 4.4408921e-16 -1 0 4.4408921e-16 -1 0 4.4408921e-16 0 -1 0 0 -1 0 0 -1 0 0 -1 0 0 -1 0 0 -1 0 0 -1 0 0 -1 0 4.4408921e-16 0 1 4.4408921e-16 0 1 4.4408921e-16 0 1 4.4408921e-16 0 1 4.4408921e-16 0 1 4.4408921e-16 0 1 -4.4408921e-16 0 -1 -4.4408921e-16 0 -1 -4.4408921e-16 0 -1 -4.4408921e-16 0 -1 -4.4408921e-16 0 -1 -4.4408921e-16 0 -1 4.4408921e-16 0 1 4.4408921e-16 0 1 -4.4408921e-16 0 -1 -4.4408921e-16 0 -1 </float_array>
          <technique_common>
            <accessor count="48" offset="0" source="#meshesQ57S-normals-array" stride="3">
              <param name="X" type="float" />
              <param name="Y" type="float" />
              <param name="Z" type="float" />
            </accessor>
          </technique_common>
        </source>
        <vertices id="meshesQ57S-vertices">
          <input semantic="POSITION" source="#meshesQ57S-positions" />
        </vertices>
        <polylist count="32" material="defaultMaterial">
          <input offset="0" semantic="VERTEX" source="#meshesQ57S-vertices" />
          <input offset="0" semantic="NORMAL" source="#meshesQ57S-normals" />
          <vcount>3 3 3 3 3 3 3 3 3 3 3 3 3 3 3 3 3 3 3 3 3 3 3 3 3 3 3 3 3 3 3 3 </vcount>
          <p>0 1 2 2 3 0 4 5 6 6 7 4 8 9 10 10 11 8 12 13 14 14 15 12 16 17 18 18 19 16 20 21 22 22 23 20 24 25 26 26 27 24 28 29 30 30 31 28 32 33 34 32 34 35 36 32 35 37 36 35 38 39 40 38 40 41 42 38 41 42 41 43 44 36 37 44 37 45 33 44 45 33 45 34 46 40 39 46 39 47 46 47 42 46 42 43 </p>
        </polylist>
      </mesh>
    </geometry>
    <geometry id="meshesQ58S" name="meshes[58]" >
      <mesh>
        <source id="meshesQ58S-positions" name="meshesQ58S-positions">
          <float_array id="meshesQ58S-positions-array" count="144"> 750.114868 75.9556885 -748.907227 750.114868 75.9556885 -754.643066 750.114868 319.955688 -754.643066 750.114868 319.955688 -748.907227 750.114868 319.955688 -748.907227 750.114868 319.955688 -754.643066 -749.952515 319.955688 -754.643066 -749.952515 319.955688 -748.907227 -749.952515 75.9556885 -748.907227 -749.952515 75.9556885 -754.643066 750.114868 75.9556885 -754.643066 750.114868 75.9556885 -748.907227 -334.948425 260.338257 -754.643066 -217.170624 260.338257 -754.643066 -217.170624 260.338257 -748.907227 -334.948425 260.338257 -748.907227 -217.170624 260.338257 -754.643066 -217.170624 78.3382568 -754.643066 -217.170624 78.3382568 -748.907227 -217.170624 260.338257 -748.907227 -334.948425 78.3382568 -754.643066 -334.948425 260.338257 -754.643066 -334.948425 260.338257 -748.907227 -334.948425 78.3382568 -748.907227 -217.170624 78.3382568 -754.643066 -334.948425 78.3382568 -754.643066 -334.948425 78.3382568 -748.907227 -217.170624 78.3382568 -748.907227 -749.952515 319.955688 -748.907227 -749.952515 319.955688 -754.643066 -749.952515 75.9556885 -754.643066 -749.952515 75.9556885 -748.907227 -217.170624 78.3382568 -748.907227 -334.948425 78.3382568 -748.907227 -749.952515 75.9556885 -748.907227 750.114868 75.9556885 -748.907227 -217.170624 260.338257 -748.907227 750.114868 319.955688 -748.907227 750.114868 75.9556885 -754.643066 -749.952515 75.9556885 -754.643066 -334.948425 78.3382568 -754.643066 -217.170624 78.3382568 -754.643066 -217.170624 260.338257 -754.643066 750.114868 319.955688 -754.643066 -334.948425 260.338257 -748.907227 -749.952515 319.955688 -748.907227 -334.948425 260.338257 -754.643066 -749.952515 319.955688 -754.643066 </float_array>
          <technique_common>
            <accessor count="48" offset="0" source="#meshesQ58S-positions-array" stride="3">
              <param name="X" type="float" />
              <param name="Y" type="float" />
              <param name="Z" type="float" />
            </accessor>
          </technique_common>
        </source>
        <source id="meshesQ58S-normals" name="meshesQ58S-normals">
          <float_array id="meshesQ58S-normals-array" count="144"> 1 0 4.4408921e-16 1 0 4.4408921e-16 1 0 4.4408921e-16 1 0 4.4408921e-16 0 1 0 0 1 0 0 1 0 0 1 0 0 -1 0 0 -1 0 0 -1 0 0 -1 0 0 1 0 0 1 0 0 1 0 0 1 0 1 0 -4.4408921e-16 1 0 -4.4408921e-16 1 0 -4.4408921e-16 1 0 -4.4408921e-16 -1 0 4.4408921e-16 -1 0 4.4408921e-16 -1 0 4.4408921e-16 -1 0 4.4408921e-16 0 -1 0 0 -1 0 0 -1 0 0 -1 0 -1 0 -4.4408921e-16 -1 0 -4.4408921e-16 -1 0 -4.4408921e-16 -1 0 -4.4408921e-16 -4.4408921e-16 0 1 -4.4408921e-16 0 1 -4.4408921e-16 0 1 -4.4408921e-16 0 1 -4.4408921e-16 0 1 -4.4408921e-16 0 1 4.4408921e-16 0 -1 4.4408921e-16 0 -1 4.4408921e-16 0 -1 4.4408921e-16 0 -1 4.4408921e-16 0 -1 4.4408921e-16 0 -1 -4.4408921e-16 0 1 -4.4408921e-16 0 1 4.4408921e-16 0 -1 4.4408921e-16 0 -1 </float_array>
          <technique_common>
            <accessor count="48" offset="0" source="#meshesQ58S-normals-array" stride="3">
              <param name="X" type="float" />
              <param name="Y" type="float" />
              <param name="Z" type="float" />
            </accessor>
          </technique_common>
        </source>
        <vertices id="meshesQ58S-vertices">
          <input semantic="POSITION" source="#meshesQ58S-positions" />
        </vertices>
        <polylist count="32" material="defaultMaterial">
          <input offset="0" semantic="VERTEX" source="#meshesQ58S-vertices" />
          <input offset="0" semantic="NORMAL" source="#meshesQ58S-normals" />
          <vcount>3 3 3 3 3 3 3 3 3 3 3 3 3 3 3 3 3 3 3 3 3 3 3 3 3 3 3 3 3 3 3 3 </vcount>
          <p>0 1 2 2 3 0 4 5 6 6 7 4 8 9 10 10 11 8 12 13 14 14 15 12 16 17 18 18 19 16 20 21 22 22 23 20 24 25 26 26 27 24 28 29 30 30 31 28 32 33 34 32 34 35 36 32 35 36 35 37 38 39 40 38 40 41 38 41 42 38 42 43 44 36 37 44 37 45 33 44 45 34 33 45 46 40 39 46 39 47 42 46 47 42 47 43 </p>
        </polylist>
      </mesh>
    </geometry>
  </library_geometries>
  <library_controllers>
  </library_controllers>
  <library_visual_scenes>
    <visual_scene id="nodesQ0S" name="nodes[0]">
      <node id="nodesQ1S" name="nodes[1]" type="NODE">
        <matrix sid="matrix">44.2728043 0 0 -1.36341476 0 82.5158997 -7.91937964e-06 0.822534025 0 1.34435468e-05 48.6088028 -0.0234027375 0 0 0 1</matrix>
        <node id="pCube1" name="pCube1" type="NODE">
          <matrix sid="matrix">0.0253999997 0 0 0 0 0.0253999997 0 0 0 0 0.0253999997 0 0 0 0 1</matrix>
          <instance_geometry url="#meshesQ0S">
            <bind_material>
              <technique_common>
                <instance_material symbol="defaultMaterial" target="#lambert2">
                  <bind_vertex_input semantic="CHANNEL0" input_semantic="TEXCOORD" input_set="0"/>
                </instance_material>
              </technique_common>
            </bind_material>
          </instance_geometry>
        </node>
      </node>
      <node id="nodesQ3S" name="nodes[3]" type="NODE">
        <matrix sid="matrix">5.90304089 0 0 -8.85434628 0 458.386902 -1.05591721e-06 1.97955668 0 7.46807054e-05 6.48117352 3.02787566 0 0 0 1</matrix>
        <node id="pCube3" name="pCube3" type="NODE">
          <matrix sid="matrix">0.0253999997 0 0 0 0 0.0253999997 0 0 0 0 0.0253999997 0 0 0 0 1</matrix>
          <instance_geometry url="#meshesQ1S">
            <bind_material>
              <technique_common>
                <instance_material symbol="defaultMaterial" target="#phongE1">
                </instance_material>
              </technique_common>
            </bind_material>
          </instance_geometry>
        </node>
      </node>
      <node id="nodesQ5S" name="nodes[5]" type="NODE">
        <matrix sid="matrix">5.90304089 0 0 6.14844942 0 458.386902 -1.05591721e-06 1.97955668 0 7.46807054e-05 6.48117352 3.02787566 0 0 0 1</matrix>
        <node id="pCube4" name="pCube4" type="NODE">
          <matrix sid="matrix">0.0253999997 0 0 0 0 0.0253999997 0 0 0 0 0.0253999997 0 0 0 0 1</matrix>
          <instance_geometry url="#meshesQ2S">
            <bind_material>
              <technique_common>
                <instance_material symbol="defaultMaterial" target="#phongE1">
                </instance_material>
              </technique_common>
            </bind_material>
          </instance_geometry>
        </node>
      </node>
      <node id="nodesQ7S" name="nodes[7]" type="NODE">
        <matrix sid="matrix">5.90304089 0 0 -0.838552892 0 458.386902 -1.05591721e-06 1.97955668 0 7.46807054e-05 6.48117352 3.02787566 0 0 0 1</matrix>
        <node id="pCube17" name="pCube17" type="NODE">
          <matrix sid="matrix">0.0253999997 0 0 0 0 0.0253999997 0 0 0 0 0.0253999997 0 0 0 0 1</matrix>
          <instance_geometry url="#meshesQ3S">
            <bind_material>
              <technique_common>
                <instance_material symbol="defaultMaterial" target="#phongE1">
                </instance_material>
              </technique_common>
            </bind_material>
          </instance_geometry>
        </node>
      </node>
      <node id="nodesQ9S" name="nodes[9]" type="NODE">
        <matrix sid="matrix">-9.61727437e-07 -7.46807054e-05 -6.48117352 -11.3597965 -8.11032607e-15 458.386902 -1.05591721e-06 1.97955668 5.90304089 -1.15372434e-11 -1.05591721e-06 -5.47838116 0 0 0 1</matrix>
        <node id="pCube18" name="pCube18" type="NODE">
          <matrix sid="matrix">0.0253999997 0 0 0 0 0.0253999997 0 0 0 0 0.0253999997 0 0 0 0 1</matrix>
          <instance_geometry url="#meshesQ4S">
            <bind_material>
              <technique_common>
                <instance_material symbol="defaultMaterial" target="#phongE1">
                </instance_material>
              </technique_common>
            </bind_material>
          </instance_geometry>
        </node>
      </node>
      <node id="nodesQ11S" name="nodes[11]" type="NODE">
        <matrix sid="matrix">5.90304089 0 0 2.44689608 0 458.386902 -1.05591721e-06 1.97955668 0 7.46807054e-05 6.48117352 3.02787566 0 0 0 1</matrix>
        <node id="pCube20" name="pCube20" type="NODE">
          <matrix sid="matrix">0.0253999997 0 0 0 0 0.0253999997 0 0 0 0 0.0253999997 0 0 0 0 1</matrix>
          <instance_geometry url="#meshesQ5S">
            <bind_material>
              <technique_common>
                <instance_material symbol="defaultMaterial" target="#phongE1">
                </instance_material>
              </technique_common>
            </bind_material>
          </instance_geometry>
        </node>
      </node>
      <node id="nodesQ13S" name="nodes[13]" type="NODE">
        <matrix sid="matrix">5.90304089 0 0 4.49596882 0 458.386902 -1.05591721e-06 1.97955668 0 7.46807054e-05 6.48117352 3.02787566 0 0 0 1</matrix>
        <node id="pCube21" name="pCube21" type="NODE">
          <matrix sid="matrix">0.0253999997 0 0 0 0 0.0253999997 0 0 0 0 0.0253999997 0 0 0 0 1</matrix>
          <instance_geometry url="#meshesQ6S">
            <bind_material>
              <technique_common>
                <instance_material symbol="defaultMaterial" target="#phongE1">
                </instance_material>
              </technique_common>
            </bind_material>
          </instance_geometry>
        </node>
      </node>
      <node id="nodesQ15S" name="nodes[15]" type="NODE">
        <matrix sid="matrix">-9.61727437e-07 -7.46807054e-05 -6.48117352 -17.2800713 -8.11032607e-15 458.386902 -1.05591721e-06 1.97955668 5.90304089 -1.15372434e-11 -1.05591721e-06 -2.23207688 0 0 0 1</matrix>
        <node id="pCube22" name="pCube22" type="NODE">
          <matrix sid="matrix">0.0253999997 0 0 0 0 0.0253999997 0 0 0 0 0.0253999997 0 0 0 0 1</matrix>
          <instance_geometry url="#meshesQ7S">
            <bind_material>
              <technique_common>
                <instance_material symbol="defaultMaterial" target="#phongE1">
                </instance_material>
              </technique_common>
            </bind_material>
          </instance_geometry>
        </node>
      </node>
      <node id="nodesQ17S" name="nodes[17]" type="NODE">
        <matrix sid="matrix">-9.61727437e-07 -7.46807054e-05 -6.48117352 -17.2800713 -8.11032607e-15 458.386902 -1.05591721e-06 1.97955668 5.90304089 -1.15372434e-11 -1.05591721e-06 -0.221539959 0 0 0 1</matrix>
        <node id="pCube23" name="pCube23" type="NODE">
          <matrix sid="matrix">0.0253999997 0 0 0 0 0.0253999997 0 0 0 0 0.0253999997 0 0 0 0 1</matrix>
          <instance_geometry url="#meshesQ8S">
            <bind_material>
              <technique_common>
                <instance_material symbol="defaultMaterial" target="#phongE1">
                </instance_material>
              </technique_common>
            </bind_material>
          </instance_geometry>
        </node>
      </node>
      <node id="nodesQ19S" name="nodes[19]" type="NODE">
        <matrix sid="matrix">5.90304089 0 0 -6.74490833 0 458.386902 -1.05591721e-06 1.97955668 0 7.46807054e-05 6.48117352 13.4906483 0 0 0 1</matrix>
        <node id="pCube25" name="pCube25" type="NODE">
          <matrix sid="matrix">0.0253999997 0 0 0 0 0.0253999997 0 0 0 0 0.0253999997 0 0 0 0 1</matrix>
          <instance_geometry url="#meshesQ9S">
            <bind_material>
              <technique_common>
                <instance_material symbol="defaultMaterial" target="#phongE1">
                </instance_material>
              </technique_common>
            </bind_material>
          </instance_geometry>
        </node>
      </node>
      <node id="nodesQ21S" name="nodes[21]" type="NODE">
        <matrix sid="matrix">-9.61727437e-07 -7.46807054e-05 -6.48117352 -17.2800713 -8.11032607e-15 458.386902 -1.05591721e-06 1.97955668 5.90304089 -1.15372434e-11 -1.05591721e-06 2.97079349 0 0 0 1</matrix>
        <node id="pCube27" name="pCube27" type="NODE">
          <matrix sid="matrix">0.0253999997 0 0 0 0 0.0253999997 0 0 0 0 0.0253999997 0 0 0 0 1</matrix>
          <instance_geometry url="#meshesQ10S">
            <bind_material>
              <technique_common>
                <instance_material symbol="defaultMaterial" target="#phongE1">
                </instance_material>
              </technique_common>
            </bind_material>
          </instance_geometry>
        </node>
      </node>
      <node id="nodesQ23S" name="nodes[23]" type="NODE">
        <matrix sid="matrix">3.58888019e-06 1.04908721e-11 6.48117352 14.5388956 -2.58030127e-07 458.386932 2.39075846e-14 1.97955692 -5.90304136 -2.00367303e-05 3.94036806e-06 3.16193843 0 0 0 1</matrix>
        <node id="pCube29" name="pCube29" type="NODE">
          <matrix sid="matrix">0.0253999997 0 0 0 0 0.0253999997 0 0 0 0 0.0253999997 0 0 0 0 1</matrix>
          <instance_geometry url="#meshesQ11S">
            <bind_material>
              <technique_common>
                <instance_material symbol="defaultMaterial" target="#phongE1">
                </instance_material>
              </technique_common>
            </bind_material>
          </instance_geometry>
        </node>
      </node>
      <node id="nodesQ25S" name="nodes[25]" type="NODE">
        <matrix sid="matrix">3.58888019e-06 1.04908721e-11 6.48117352 14.5388956 -2.58030127e-07 458.386932 2.39075846e-14 1.97955692 -5.90304136 -2.00367303e-05 3.94036806e-06 5.17247581 0 0 0 1</matrix>
        <node id="pCube30" name="pCube30" type="NODE">
          <matrix sid="matrix">0.0253999997 0 0 0 0 0.0253999997 0 0 0 0 0.0253999997 0 0 0 0 1</matrix>
          <instance_geometry url="#meshesQ12S">
            <bind_material>
              <technique_common>
                <instance_material symbol="defaultMaterial" target="#phongE1">
                </instance_material>
              </technique_common>
            </bind_material>
          </instance_geometry>
        </node>
      </node>
      <node id="nodesQ27S" name="nodes[27]" type="NODE">
        <matrix sid="matrix">-5.90304136 1.13059241e-11 3.6570666e-06 -2.19195032 1.31474078e-21 458.386932 -2.83301091e-07 1.97955632 -3.33084972e-06 -2.00367303e-05 -6.48117352 -4.87554264 0 0 0 1</matrix>
        <node id="pCube28" name="pCube28" type="NODE">
          <matrix sid="matrix">0.0253999997 0 0 0 0 0.0253999997 0 0 0 0 0.0253999997 0 0 0 0 1</matrix>
          <instance_geometry url="#meshesQ13S">
            <bind_material>
              <technique_common>
                <instance_material symbol="defaultMaterial" target="#phongE1">
                </instance_material>
              </technique_common>
            </bind_material>
          </instance_geometry>
        </node>
      </node>
      <node id="nodesQ29S" name="nodes[29]" type="NODE">
        <matrix sid="matrix">-5.90304136 1.13059241e-11 3.6570666e-06 -0.0897311494 1.31474078e-21 458.386932 -2.83301091e-07 1.97955632 -3.33084972e-06 -2.00367303e-05 -6.48117352 -4.87554121 0 0 0 1</matrix>
        <node id="pCube31" name="pCube31" type="NODE">
          <matrix sid="matrix">0.0253999997 0 0 0 0 0.0253999997 0 0 0 0 0.0253999997 0 0 0 0 1</matrix>
          <instance_geometry url="#meshesQ14S">
            <bind_material>
              <technique_common>
                <instance_material symbol="defaultMaterial" target="#phongE1">
                </instance_material>
              </technique_common>
            </bind_material>
          </instance_geometry>
        </node>
      </node>
      <node id="nodesQ31S" name="nodes[31]" type="NODE">
        <matrix sid="matrix">-5.90304136 1.13059241e-11 3.6570666e-06 2.44213772 1.31474078e-21 458.386932 -2.83301091e-07 1.97955644 -3.33084972e-06 -2.00367303e-05 -6.48117352 -10.8527613 0 0 0 1</matrix>
        <node id="Obj_pCube28" name="Obj_pCube28" type="NODE">
          <matrix sid="matrix">0.0253999997 0 0 0 0 0.0253999997 0 0 0 0 0.0253999997 0 0 0 0 1</matrix>
          <instance_geometry url="#meshesQ15S">
            <bind_material>
              <technique_common>
                <instance_material symbol="defaultMaterial" target="#phongE1">
                </instance_material>
              </technique_common>
            </bind_material>
          </instance_geometry>
        </node>
      </node>
      <node id="nodesQ33S" name="nodes[33]" type="NODE">
        <matrix sid="matrix">3.58888019e-06 1.04908721e-11 6.48117352 12.977293 -2.58030127e-07 458.386932 2.39075846e-14 1.97955692 -5.90304136 -2.00367303e-05 3.94036806e-06 -0.332901776 0 0 0 1</matrix>
        <node id="Obj_pCube30" name="Obj_pCube30" type="NODE">
          <matrix sid="matrix">0.0253999997 0 0 0 0 0.0253999997 0 0 0 0 0.0253999997 0 0 0 0 1</matrix>
          <instance_geometry url="#meshesQ16S">
            <bind_material>
              <technique_common>
                <instance_material symbol="defaultMaterial" target="#phongE1">
                </instance_material>
              </technique_common>
            </bind_material>
          </instance_geometry>
        </node>
      </node>
      <node id="nodesQ35S" name="nodes[35]" type="NODE">
        <matrix sid="matrix">3.58888019e-06 1.04908721e-11 6.48117352 14.5813007 -2.58030127e-07 458.386932 2.39075846e-14 1.97955644 -5.90304136 -2.00367303e-05 3.94036806e-06 -4.24586153 0 0 0 1</matrix>
        <node id="pCube41" name="pCube41" type="NODE">
          <matrix sid="matrix">0.0253999997 0 0 0 0 0.0253999997 0 0 0 0 0.0253999997 0 0 0 0 1</matrix>
          <instance_geometry url="#meshesQ17S">
            <bind_material>
              <technique_common>
                <instance_material symbol="defaultMaterial" target="#phongE1">
                </instance_material>
              </technique_common>
            </bind_material>
          </instance_geometry>
        </node>
      </node>
      <node id="nodesQ37S" name="nodes[37]" type="NODE">
        <matrix sid="matrix">-9.61727437e-07 -7.46807054e-05 -6.48117352 -15.2484522 -8.11032607e-15 458.386902 -1.05591721e-06 1.97955668 5.90304089 -1.15372434e-11 -1.05591721e-06 3.92046762 0 0 0 1</matrix>
        <node id="pCube32" name="pCube32" type="NODE">
          <matrix sid="matrix">0.0253999997 0 0 0 0 0.0253999997 0 0 0 0 0.0253999997 0 0 0 0 1</matrix>
          <instance_geometry url="#meshesQ18S">
            <bind_material>
              <technique_common>
                <instance_material symbol="defaultMaterial" target="#phongE1">
                </instance_material>
              </technique_common>
            </bind_material>
          </instance_geometry>
        </node>
      </node>
      <node id="nodesQ39S" name="nodes[39]" type="NODE">
        <matrix sid="matrix">-5.90304089 1.13059232e-11 3.6570666e-06 -4.69528675 1.00202218e-21 458.386902 -2.83301091e-07 1.97955668 -3.33084949e-06 -2.00367285e-05 -6.48117352 -4.73197174 0 0 0 1</matrix>
        <node id="pCube33" name="pCube33" type="NODE">
          <matrix sid="matrix">0.0253999997 0 0 0 0 0.0253999997 0 0 0 0 0.0253999997 0 0 0 0 1</matrix>
          <instance_geometry url="#meshesQ19S">
            <bind_material>
              <technique_common>
                <instance_material symbol="defaultMaterial" target="#phongE1">
                </instance_material>
              </technique_common>
            </bind_material>
          </instance_geometry>
        </node>
      </node>
      <node id="nodesQ41S" name="nodes[41]" type="NODE">
        <matrix sid="matrix">-2.58030127e-07 4.82477827e-13 -6.48117352 -15.3083973 -9.61727551e-07 458.386932 5.29774046e-14 1.97955692 5.90304136 7.46807127e-05 -2.83301091e-07 1.07882464 0 0 0 1</matrix>
        <node id="pCube35" name="pCube35" type="NODE">
          <matrix sid="matrix">0.0253999997 0 0 0 0 0.0253999997 0 0 0 0 0.0253999997 0 0 0 0 1</matrix>
          <instance_geometry url="#meshesQ20S">
            <bind_material>
              <technique_common>
                <instance_material symbol="defaultMaterial" target="#phongE1">
                </instance_material>
              </technique_common>
            </bind_material>
          </instance_geometry>
        </node>
      </node>
      <node id="nodesQ43S" name="nodes[43]" type="NODE">
        <matrix sid="matrix">-5.90304136 -4.00734607e-05 3.4349124e-14 -4.7552309 -5.16060254e-07 458.386932 4.89315028e-07 1.97955823 -7.02465904e-14 3.4607252e-05 -6.48117352 -7.59613466 0 0 0 1</matrix>
        <node id="pCube34" name="pCube34" type="NODE">
          <matrix sid="matrix">0.0253999997 0 0 0 0 0.0253999997 0 0 0 0 0.0253999997 0 0 0 0 1</matrix>
          <instance_geometry url="#meshesQ21S">
            <bind_material>
              <technique_common>
                <instance_material symbol="defaultMaterial" target="#phongE1">
                </instance_material>
              </technique_common>
            </bind_material>
          </instance_geometry>
        </node>
      </node>
      <node id="nodesQ45S" name="nodes[45]" type="NODE">
        <matrix sid="matrix">-5.90304136 -4.00734607e-05 3.4349124e-14 -5.22564936 -5.16060254e-07 458.386932 4.89315028e-07 1.97955954 -7.02465904e-14 3.4607252e-05 -6.48117352 -16.1483707 0 0 0 1</matrix>
        <node id="pCube48" name="pCube48" type="NODE">
          <matrix sid="matrix">0.0253999997 0 0 0 0 0.0253999997 0 0 0 0 0.0253999997 0 0 0 0 1</matrix>
          <instance_geometry url="#meshesQ22S">
            <bind_material>
              <technique_common>
                <instance_material symbol="defaultMaterial" target="#phongE1">
                </instance_material>
              </technique_common>
            </bind_material>
          </instance_geometry>
        </node>
      </node>
      <node id="nodesQ47S" name="nodes[47]" type="NODE">
        <matrix sid="matrix">-2.58030127e-07 4.82477827e-13 -6.48117352 -14.4188251 -9.61727551e-07 458.386932 5.29774046e-14 1.97955692 5.90304136 7.46807127e-05 -2.83301091e-07 -0.201191783 0 0 0 1</matrix>
        <node id="Obj_pCube35" name="Obj_pCube35" type="NODE">
          <matrix sid="matrix">0.0253999997 0 0 0 0 0.0253999997 0 0 0 0 0.0253999997 0 0 0 0 1</matrix>
          <instance_geometry url="#meshesQ23S">
            <bind_material>
              <technique_common>
                <instance_material symbol="defaultMaterial" target="#phongE1">
                </instance_material>
              </technique_common>
            </bind_material>
          </instance_geometry>
        </node>
      </node>
      <node id="nodesQ49S" name="nodes[49]" type="NODE">
        <matrix sid="matrix">-5.90304136 -4.00734607e-05 3.4349124e-14 -3.86566019 -5.16060254e-07 458.386932 4.89315028e-07 1.97955823 -7.02465904e-14 3.4607252e-05 -6.48117352 -8.90233898 0 0 0 1</matrix>
        <node id="Obj_pCube34" name="Obj_pCube34" type="NODE">
          <matrix sid="matrix">0.0253999997 0 0 0 0 0.0253999997 0 0 0 0 0.0253999997 0 0 0 0 1</matrix>
          <instance_geometry url="#meshesQ24S">
            <bind_material>
              <technique_common>
                <instance_material symbol="defaultMaterial" target="#phongE1">
                </instance_material>
              </technique_common>
            </bind_material>
          </instance_geometry>
        </node>
      </node>
      <node id="nodesQ51S" name="nodes[51]" type="NODE">
        <matrix sid="matrix">-2.58030127e-07 4.82477827e-13 -6.48117352 -14.3737831 -9.61727551e-07 458.386932 5.29774046e-14 1.97955692 5.90304136 7.46807127e-05 -2.83301091e-07 -1.77005124 0 0 0 1</matrix>
        <node id="Obj_pCube35_1" name="Obj_pCube35_1" type="NODE">
          <matrix sid="matrix">0.0253999997 0 0 0 0 0.0253999997 0 0 0 0 0.0253999997 0 0 0 0 1</matrix>
          <instance_geometry url="#meshesQ25S">
            <bind_material>
              <technique_common>
                <instance_material symbol="defaultMaterial" target="#phongE1">
                </instance_material>
              </technique_common>
            </bind_material>
          </instance_geometry>
        </node>
      </node>
      <node id="nodesQ53S" name="nodes[53]" type="NODE">
        <matrix sid="matrix">-5.90304136 -4.00734607e-05 3.4349124e-14 -3.82061863 -5.16060254e-07 458.386932 4.89315028e-07 1.97955847 -7.02465904e-14 3.4607252e-05 -6.48117352 -11.5034866 0 0 0 1</matrix>
        <node id="Obj_pCube34_1" name="Obj_pCube34_1" type="NODE">
          <matrix sid="matrix">0.0253999997 0 0 0 0 0.0253999997 0 0 0 0 0.0253999997 0 0 0 0 1</matrix>
          <instance_geometry url="#meshesQ26S">
            <bind_material>
              <technique_common>
                <instance_material symbol="defaultMaterial" target="#phongE1">
                </instance_material>
              </technique_common>
            </bind_material>
          </instance_geometry>
        </node>
      </node>
      <node id="nodesQ55S" name="nodes[55]" type="NODE">
        <matrix sid="matrix">-2.58030127e-07 -4.82477827e-13 6.48117352 5.02427769 9.61727551e-07 458.386932 5.29774046e-14 1.97955728 -5.90304136 7.46807127e-05 -2.83301091e-07 -3.86258674 0 0 0 1</matrix>
        <node id="pCube36" name="pCube36" type="NODE">
          <matrix sid="matrix">0.0253999997 0 0 0 0 0.0253999997 0 0 0 0 0.0253999997 0 0 0 0 1</matrix>
          <instance_geometry url="#meshesQ27S">
            <bind_material>
              <technique_common>
                <instance_material symbol="defaultMaterial" target="#phongE1">
                </instance_material>
              </technique_common>
            </bind_material>
          </instance_geometry>
        </node>
      </node>
      <node id="nodesQ57S" name="nodes[57]" type="NODE">
        <matrix sid="matrix">-2.58030127e-07 -4.82477827e-13 6.48117352 2.50091386 9.61727551e-07 458.386932 5.29774046e-14 1.97955704 -5.90304136 7.46807127e-05 -2.83301091e-07 -3.38918567 0 0 0 1</matrix>
        <node id="pCube37" name="pCube37" type="NODE">
          <matrix sid="matrix">0.0253999997 0 0 0 0 0.0253999997 0 0 0 0 0.0253999997 0 0 0 0 1</matrix>
          <instance_geometry url="#meshesQ28S">
            <bind_material>
              <technique_common>
                <instance_material symbol="defaultMaterial" target="#phongE1">
                </instance_material>
              </technique_common>
            </bind_material>
          </instance_geometry>
        </node>
      </node>
      <node id="nodesQ59S" name="nodes[59]" type="NODE">
        <matrix sid="matrix">-2.58030127e-07 4.82477827e-13 -6.48117352 -10.5187531 -9.61727551e-07 458.386932 5.29774046e-14 1.97955692 5.90304136 7.46807127e-05 -2.83301091e-07 -2.6844666 0 0 0 1</matrix>
        <node id="Obj_pCube35_2" name="Obj_pCube35_2" type="NODE">
          <matrix sid="matrix">0.0253999997 0 0 0 0 0.0253999997 0 0 0 0 0.0253999997 0 0 0 0 1</matrix>
          <instance_geometry url="#meshesQ29S">
            <bind_material>
              <technique_common>
                <instance_material symbol="defaultMaterial" target="#phongE1">
                </instance_material>
              </technique_common>
            </bind_material>
          </instance_geometry>
        </node>
      </node>
      <node id="nodesQ61S" name="nodes[61]" type="NODE">
        <matrix sid="matrix">-5.90304136 -4.00734607e-05 3.4349124e-14 0.0344137922 -5.16060254e-07 458.386932 4.89315028e-07 1.97955823 -7.02465904e-14 3.4607252e-05 -6.48117352 -11.3594265 0 0 0 1</matrix>
        <node id="Obj_pCube34_2" name="Obj_pCube34_2" type="NODE">
          <matrix sid="matrix">0.0253999997 0 0 0 0 0.0253999997 0 0 0 0 0.0253999997 0 0 0 0 1</matrix>
          <instance_geometry url="#meshesQ30S">
            <bind_material>
              <technique_common>
                <instance_material symbol="defaultMaterial" target="#phongE1">
                </instance_material>
              </technique_common>
            </bind_material>
          </instance_geometry>
        </node>
      </node>
      <node id="nodesQ63S" name="nodes[63]" type="NODE">
        <matrix sid="matrix">-2.58030127e-07 4.82477827e-13 -6.48117352 -8.76601028 -9.61727551e-07 458.386932 5.29774046e-14 1.97955751 5.90304136 7.46807127e-05 -2.83301091e-07 -6.71312523 0 0 0 1</matrix>
        <node id="pCube40" name="pCube40" type="NODE">
          <matrix sid="matrix">0.0253999997 0 0 0 0 0.0253999997 0 0 0 0 0.0253999997 0 0 0 0 1</matrix>
          <instance_geometry url="#meshesQ31S">
            <bind_material>
              <technique_common>
                <instance_material symbol="defaultMaterial" target="#phongE1">
                </instance_material>
              </technique_common>
            </bind_material>
          </instance_geometry>
        </node>
      </node>
      <node id="nodesQ65S" name="nodes[65]" type="NODE">
        <matrix sid="matrix">-5.90304136 -4.00734607e-05 3.4349124e-14 4.4093194 -5.16060254e-07 458.386932 4.89315028e-07 1.97955847 -7.02465904e-14 3.4607252e-05 -6.48117352 -12.9118137 0 0 0 1</matrix>
        <node id="pCube45" name="pCube45" type="NODE">
          <matrix sid="matrix">0.0253999997 0 0 0 0 0.0253999997 0 0 0 0 0.0253999997 0 0 0 0 1</matrix>
          <instance_geometry url="#meshesQ32S">
            <bind_material>
              <technique_common>
                <instance_material symbol="defaultMaterial" target="#phongE1">
                </instance_material>
              </technique_common>
            </bind_material>
          </instance_geometry>
        </node>
      </node>
      <node id="nodesQ67S" name="nodes[67]" type="NODE">
        <matrix sid="matrix">3.58888019e-06 1.04908721e-11 6.48117352 10.4708233 -2.58030127e-07 458.386932 2.39075846e-14 1.97955704 -5.90304136 -2.00367303e-05 3.94036806e-06 -0.329362839 0 0 0 1</matrix>
        <node id="Obj_pCube35_3" name="Obj_pCube35_3" type="NODE">
          <matrix sid="matrix">0.0253999997 0 0 0 0 0.0253999997 0 0 0 0 0.0253999997 0 0 0 0 1</matrix>
          <instance_geometry url="#meshesQ33S">
            <bind_material>
              <technique_common>
                <instance_material symbol="defaultMaterial" target="#phongE1">
                </instance_material>
              </technique_common>
            </bind_material>
          </instance_geometry>
        </node>
      </node>
      <node id="nodesQ69S" name="nodes[69]" type="NODE">
        <matrix sid="matrix">5.90304136 4.00734498e-05 -3.6570666e-06 -0.0823484585 -5.16060311e-07 458.386932 -2.83301119e-07 1.97955751 3.33084972e-06 2.00367522e-05 6.48117352 9.40406609 0 0 0 1</matrix>
        <node id="Obj_pCube34_3" name="Obj_pCube34_3" type="NODE">
          <matrix sid="matrix">0.0253999997 0 0 0 0 0.0253999997 0 0 0 0 0.0253999997 0 0 0 0 1</matrix>
          <instance_geometry url="#meshesQ34S">
            <bind_material>
              <technique_common>
                <instance_material symbol="defaultMaterial" target="#phongE1">
                </instance_material>
              </technique_common>
            </bind_material>
          </instance_geometry>
        </node>
      </node>
      <node id="nodesQ71S" name="nodes[71]" type="NODE">
        <matrix sid="matrix">-3.07281971e-06 1.21209761e-11 -6.48117352 -10.0279398 2.58030127e-07 458.386932 2.39075812e-14 1.97955692 5.90304136 -2.00367303e-05 -3.37376559e-06 1.76316142 0 0 0 1</matrix>
        <node id="Obj_pCube36" name="Obj_pCube36" type="NODE">
          <matrix sid="matrix">0.0253999997 0 0 0 0 0.0253999997 0 0 0 0 0.0253999997 0 0 0 0 1</matrix>
          <instance_geometry url="#meshesQ35S">
            <bind_material>
              <technique_common>
                <instance_material symbol="defaultMaterial" target="#phongE1">
                </instance_material>
              </technique_common>
            </bind_material>
          </instance_geometry>
        </node>
      </node>
      <node id="nodesQ73S" name="nodes[73]" type="NODE">
        <matrix sid="matrix">-3.07281971e-06 1.21209761e-11 -6.48117352 -8.90063381 2.58030127e-07 458.386932 2.39075812e-14 1.97955668 5.90304136 -2.00367303e-05 -3.37376559e-06 -1.71449959 0 0 0 1</matrix>
        <node id="Obj_pCube37" name="Obj_pCube37" type="NODE">
          <matrix sid="matrix">0.0253999997 0 0 0 0 0.0253999997 0 0 0 0 0.0253999997 0 0 0 0 1</matrix>
          <instance_geometry url="#meshesQ36S">
            <bind_material>
              <technique_common>
                <instance_material symbol="defaultMaterial" target="#phongE1">
                </instance_material>
              </technique_common>
            </bind_material>
          </instance_geometry>
        </node>
      </node>
      <node id="nodesQ75S" name="nodes[75]" type="NODE">
        <matrix sid="matrix">5.90304136 4.00734498e-05 -3.6570666e-06 0.546208143 -5.16060311e-07 458.386932 -2.83301119e-07 1.97955704 3.33084972e-06 2.00367522e-05 6.48117352 6.08669615 0 0 0 1</matrix>
        <node id="pCube38" name="pCube38" type="NODE">
          <matrix sid="matrix">0.0253999997 0 0 0 0 0.0253999997 0 0 0 0 0.0253999997 0 0 0 0 1</matrix>
          <instance_geometry url="#meshesQ37S">
            <bind_material>
              <technique_common>
                <instance_material symbol="defaultMaterial" target="#phongE1">
                </instance_material>
              </technique_common>
            </bind_material>
          </instance_geometry>
        </node>
      </node>
      <node id="nodesQ77S" name="nodes[77]" type="NODE">
        <matrix sid="matrix">-3.07281971e-06 1.21209761e-11 -6.48117352 -8.91809177 2.58030127e-07 458.386932 2.39075812e-14 1.97955644 5.90304136 -2.00367303e-05 -3.37376559e-06 -5.86041451 0 0 0 1</matrix>
        <node id="pCube39" name="pCube39" type="NODE">
          <matrix sid="matrix">0.0253999997 0 0 0 0 0.0253999997 0 0 0 0 0.0253999997 0 0 0 0 1</matrix>
          <instance_geometry url="#meshesQ38S">
            <bind_material>
              <technique_common>
                <instance_material symbol="defaultMaterial" target="#phongE1">
                </instance_material>
              </technique_common>
            </bind_material>
          </instance_geometry>
        </node>
      </node>
      <node id="nodesQ79S" name="nodes[79]" type="NODE">
        <matrix sid="matrix">-5.90304136 -7.46807127e-05 1.33921833e-06 2.16597557 -9.61727551e-07 458.386932 4.61556012e-14 1.97955692 -1.21975768e-06 -1.21670339e-11 -6.48117352 -4.68373728 0 0 0 1</matrix>
        <node id="Obj_pCube35_4" name="Obj_pCube35_4" type="NODE">
          <matrix sid="matrix">0.0253999997 0 0 0 0 0.0253999997 0 0 0 0 0.0253999997 0 0 0 0 1</matrix>
          <instance_geometry url="#meshesQ39S">
            <bind_material>
              <technique_common>
                <instance_material symbol="defaultMaterial" target="#phongE1">
                </instance_material>
              </technique_common>
            </bind_material>
          </instance_geometry>
        </node>
      </node>
      <node id="nodesQ81S" name="nodes[81]" type="NODE">
        <matrix sid="matrix">9.61727551e-07 -3.46072447e-05 6.48117352 10.8409328 -5.16060254e-07 458.386932 4.89315028e-07 1.97955823 -5.90304136 -4.00734643e-05 1.05591721e-06 5.86942911 0 0 0 1</matrix>
        <node id="Obj_pCube34_4" name="Obj_pCube34_4" type="NODE">
          <matrix sid="matrix">0.0253999997 0 0 0 0 0.0253999997 0 0 0 0 0.0253999997 0 0 0 0 1</matrix>
          <instance_geometry url="#meshesQ40S">
            <bind_material>
              <technique_common>
                <instance_material symbol="defaultMaterial" target="#phongE1">
                </instance_material>
              </technique_common>
            </bind_material>
          </instance_geometry>
        </node>
      </node>
      <node id="nodesQ83S" name="nodes[83]" type="NODE">
        <matrix sid="matrix">9.61727551e-07 -3.46072447e-05 6.48117352 10.8409338 -5.16060254e-07 458.386932 4.89315028e-07 1.97955823 -5.90304136 -4.00734643e-05 1.05591721e-06 3.01868367 0 0 0 1</matrix>
        <node id="pCube42" name="pCube42" type="NODE">
          <matrix sid="matrix">0.0253999997 0 0 0 0 0.0253999997 0 0 0 0 0.0253999997 0 0 0 0 1</matrix>
          <instance_geometry url="#meshesQ41S">
            <bind_material>
              <technique_common>
                <instance_material symbol="defaultMaterial" target="#phongE1">
                </instance_material>
              </technique_common>
            </bind_material>
          </instance_geometry>
        </node>
      </node>
      <node id="nodesQ85S" name="nodes[85]" type="NODE">
        <matrix sid="matrix">-5.90304136 -7.46807127e-05 1.33921833e-06 1.60147178 -9.61727551e-07 458.386932 4.61556012e-14 1.97955668 -1.21975768e-06 -1.21670339e-11 -6.48117352 -7.56270885 0 0 0 1</matrix>
        <node id="pCube43" name="pCube43" type="NODE">
          <matrix sid="matrix">0.0253999997 0 0 0 0 0.0253999997 0 0 0 0 0.0253999997 0 0 0 0 1</matrix>
          <instance_geometry url="#meshesQ42S">
            <bind_material>
              <technique_common>
                <instance_material symbol="defaultMaterial" target="#phongE1">
                </instance_material>
              </technique_common>
            </bind_material>
          </instance_geometry>
        </node>
      </node>
      <node id="nodesQ87S" name="nodes[87]" type="NODE">
        <matrix sid="matrix">9.61727551e-07 -3.46072447e-05 6.48117352 11.2643127 -5.16060254e-07 458.386932 4.89315028e-07 1.97955823 -5.90304136 -4.00734643e-05 1.05591721e-06 1.43807268 0 0 0 1</matrix>
        <node id="pCube44" name="pCube44" type="NODE">
          <matrix sid="matrix">0.0253999997 0 0 0 0 0.0253999997 0 0 0 0 0.0253999997 0 0 0 0 1</matrix>
          <instance_geometry url="#meshesQ43S">
            <bind_material>
              <technique_common>
                <instance_material symbol="defaultMaterial" target="#phongE1">
                </instance_material>
              </technique_common>
            </bind_material>
          </instance_geometry>
        </node>
      </node>
      <node id="nodesQ89S" name="nodes[89]" type="NODE">
        <matrix sid="matrix">-9.61727437e-07 -7.46807054e-05 -6.48117352 -16.151659 -8.11032607e-15 458.386902 -1.05591721e-06 1.97955668 5.90304089 -1.15372434e-11 -1.05591721e-06 6.51718521 0 0 0 1</matrix>
        <node id="pCube46" name="pCube46" type="NODE">
          <matrix sid="matrix">0.0253999997 0 0 0 0 0.0253999997 0 0 0 0 0.0253999997 0 0 0 0 1</matrix>
          <instance_geometry url="#meshesQ44S">
            <bind_material>
              <technique_common>
                <instance_material symbol="defaultMaterial" target="#phongE1">
                </instance_material>
              </technique_common>
            </bind_material>
          </instance_geometry>
        </node>
      </node>
      <node id="nodesQ91S" name="nodes[91]" type="NODE">
        <matrix sid="matrix">-5.90304089 1.13059232e-11 3.6570666e-06 -7.68715811 1.00202218e-21 458.386902 -2.83301091e-07 1.97955668 -3.33084949e-06 -2.00367285e-05 -6.48117352 -2.10702872 0 0 0 1</matrix>
        <node id="pCube47" name="pCube47" type="NODE">
          <matrix sid="matrix">0.0253999997 0 0 0 0 0.0253999997 0 0 0 0 0.0253999997 0 0 0 0 1</matrix>
          <instance_geometry url="#meshesQ45S">
            <bind_material>
              <technique_common>
                <instance_material symbol="defaultMaterial" target="#phongE1">
                </instance_material>
              </technique_common>
            </bind_material>
          </instance_geometry>
        </node>
      </node>
      <node id="nodesQ93S" name="nodes[93]" type="NODE">
        <matrix sid="matrix">0.393700778 0 0 -1.37156284 0 0.393700778 -6.41420002e-08 0 0 6.41420002e-08 0.393700778 -0.0251550544 0 0 0 1</matrix>
        <node id="polySurface1" name="polySurface1" type="NODE">
          <matrix sid="matrix">0.0253999997 0 0 0 0 0.0253999997 0 0 0 0 0.0253999997 0 0 0 0 1</matrix>
          <instance_geometry url="#meshesQ46S">
            <bind_material>
              <technique_common>
                <instance_material symbol="defaultMaterial" target="#phongE1">
                </instance_material>
              </technique_common>
            </bind_material>
          </instance_geometry>
        </node>
      </node>
      <node id="nodesQ95S" name="nodes[95]" type="NODE">
        <matrix sid="matrix">0.393700778 0 0 -1.37156284 0 0.393700778 -6.41420002e-08 0 0 6.41420002e-08 0.393700778 -0.0251550544 0 0 0 1</matrix>
        <node id="polySurface2" name="polySurface2" type="NODE">
          <matrix sid="matrix">0.0253999997 0 0 0 0 0.0253999997 0 0 0 0 0.0253999997 0 0 0 0 1</matrix>
          <instance_geometry url="#meshesQ47S">
            <bind_material>
              <technique_common>
                <instance_material symbol="defaultMaterial" target="#phongE1">
                </instance_material>
              </technique_common>
            </bind_material>
          </instance_geometry>
        </node>
      </node>
      <node id="nodesQ97S" name="nodes[97]" type="NODE">
        <matrix sid="matrix">0.393700778 0 0 -1.37156284 0 0.393700778 -6.41420002e-08 0 0 6.41420002e-08 0.393700778 -0.0251550544 0 0 0 1</matrix>
        <node id="polySurface3" name="polySurface3" type="NODE">
          <matrix sid="matrix">0.0253999997 0 0 0 0 0.0253999997 0 0 0 0 0.0253999997 0 0 0 0 1</matrix>
          <instance_geometry url="#meshesQ48S">
            <bind_material>
              <technique_common>
                <instance_material symbol="defaultMaterial" target="#phongE1">
                </instance_material>
              </technique_common>
            </bind_material>
          </instance_geometry>
        </node>
      </node>
      <node id="nodesQ99S" name="nodes[99]" type="NODE">
        <matrix sid="matrix">0.393700778 0 0 -1.37156284 0 0.393700778 -6.41420002e-08 0 0 6.41420002e-08 0.393700778 -0.0251550544 0 0 0 1</matrix>
        <node id="polySurface4" name="polySurface4" type="NODE">
          <matrix sid="matrix">0.0253999997 0 0 0 0 0.0253999997 0 0 0 0 0.0253999997 0 0 0 0 1</matrix>
          <instance_geometry url="#meshesQ49S">
            <bind_material>
              <technique_common>
                <instance_material symbol="defaultMaterial" target="#phongE1">
                </instance_material>
              </technique_common>
            </bind_material>
          </instance_geometry>
        </node>
      </node>
      <node id="nodesQ101S" name="nodes[101]" type="NODE">
        <matrix sid="matrix">0.393700778 0 0 -1.37156284 0 0.393700778 -6.41420002e-08 0 0 6.41420002e-08 0.393700778 -0.0251550544 0 0 0 1</matrix>
        <node id="polySurface5" name="polySurface5" type="NODE">
          <matrix sid="matrix">0.0253999997 0 0 0 0 0.0253999997 0 0 0 0 0.0253999997 0 0 0 0 1</matrix>
          <instance_geometry url="#meshesQ50S">
            <bind_material>
              <technique_common>
                <instance_material symbol="defaultMaterial" target="#phongE1">
                </instance_material>
              </technique_common>
            </bind_material>
          </instance_geometry>
        </node>
      </node>
      <node id="nodesQ103S" name="nodes[103]" type="NODE">
        <matrix sid="matrix">0.393700778 0 0 -1.37156284 0 0.393700778 -6.41420002e-08 0 0 6.41420002e-08 0.393700778 -0.0251550544 0 0 0 1</matrix>
        <node id="polySurface6" name="polySurface6" type="NODE">
          <matrix sid="matrix">0.0253999997 0 0 0 0 0.0253999997 0 0 0 0 0.0253999997 0 0 0 0 1</matrix>
          <instance_geometry url="#meshesQ51S">
            <bind_material>
              <technique_common>
                <instance_material symbol="defaultMaterial" target="#phongE1">
                </instance_material>
              </technique_common>
            </bind_material>
          </instance_geometry>
        </node>
      </node>
      <node id="nodesQ105S" name="nodes[105]" type="NODE">
        <matrix sid="matrix">0.393700778 0 0 -1.37156284 0 0.393700778 -6.41420002e-08 0 0 6.41420002e-08 0.393700778 -0.0251550544 0 0 0 1</matrix>
        <node id="polySurface7" name="polySurface7" type="NODE">
          <matrix sid="matrix">0.0253999997 0 0 0 0 0.0253999997 0 0 0 0 0.0253999997 0 0 0 0 1</matrix>
          <instance_geometry url="#meshesQ52S">
            <bind_material>
              <technique_common>
                <instance_material symbol="defaultMaterial" target="#phongE1">
                </instance_material>
              </technique_common>
            </bind_material>
          </instance_geometry>
        </node>
      </node>
      <node id="nodesQ107S" name="nodes[107]" type="NODE">
        <matrix sid="matrix">0.393700778 0 0 -1.37156284 0 0.393700778 -6.41420002e-08 0 0 6.41420002e-08 0.393700778 -0.0251550544 0 0 0 1</matrix>
        <node id="polySurface8" name="polySurface8" type="NODE">
          <matrix sid="matrix">0.0253999997 0 0 0 0 0.0253999997 0 0 0 0 0.0253999997 0 0 0 0 1</matrix>
          <instance_geometry url="#meshesQ53S">
            <bind_material>
              <technique_common>
                <instance_material symbol="defaultMaterial" target="#phongE1">
                </instance_material>
              </technique_common>
            </bind_material>
          </instance_geometry>
        </node>
      </node>
      <node id="nodesQ109S" name="nodes[109]" type="NODE">
        <matrix sid="matrix">0.393700778 0 0 -1.37156284 0 0.393700778 -6.41420002e-08 0 0 6.41420002e-08 0.393700778 -0.0251550544 0 0 0 1</matrix>
        <node id="polySurface9" name="polySurface9" type="NODE">
          <matrix sid="matrix">0.0253999997 0 0 0 0 0.0253999997 0 0 0 0 0.0253999997 0 0 0 0 1</matrix>
          <instance_geometry url="#meshesQ54S">
            <bind_material>
              <technique_common>
                <instance_material symbol="defaultMaterial" target="#phongE1">
                </instance_material>
              </technique_common>
            </bind_material>
          </instance_geometry>
        </node>
      </node>
      <node id="nodesQ111S" name="nodes[111]" type="NODE">
        <matrix sid="matrix">0.393700778 0 0 -1.37156284 0 0.393700778 -6.41420002e-08 0 0 6.41420002e-08 0.393700778 -0.0251550544 0 0 0 1</matrix>
        <node id="polySurface10" name="polySurface10" type="NODE">
          <matrix sid="matrix">0.0253999997 0 0 0 0 0.0253999997 0 0 0 0 0.0253999997 0 0 0 0 1</matrix>
          <instance_geometry url="#meshesQ55S">
            <bind_material>
              <technique_common>
                <instance_material symbol="defaultMaterial" target="#phongE1">
                </instance_material>
              </technique_common>
            </bind_material>
          </instance_geometry>
        </node>
      </node>
      <node id="nodesQ113S" name="nodes[113]" type="NODE">
        <matrix sid="matrix">0.393700778 0 0 -1.37156284 0 0.393700778 -6.41420002e-08 0 0 6.41420002e-08 0.393700778 -0.0251550544 0 0 0 1</matrix>
        <node id="polySurface11" name="polySurface11" type="NODE">
          <matrix sid="matrix">0.0253999997 0 0 0 0 0.0253999997 0 0 0 0 0.0253999997 0 0 0 0 1</matrix>
          <instance_geometry url="#meshesQ56S">
            <bind_material>
              <technique_common>
                <instance_material symbol="defaultMaterial" target="#phongE1">
                </instance_material>
              </technique_common>
            </bind_material>
          </instance_geometry>
        </node>
      </node>
      <node id="nodesQ115S" name="nodes[115]" type="NODE">
        <matrix sid="matrix">0.393700778 0 0 -1.37156284 0 0.393700778 -6.41420002e-08 0 0 6.41420002e-08 0.393700778 -0.0251550544 0 0 0 1</matrix>
        <node id="polySurface12" name="polySurface12" type="NODE">
          <matrix sid="matrix">0.0253999997 0 0 0 0 0.0253999997 0 0 0 0 0.0253999997 0 0 0 0 1</matrix>
          <instance_geometry url="#meshesQ57S">
            <bind_material>
              <technique_common>
                <instance_material symbol="defaultMaterial" target="#phongE1">
                </instance_material>
              </technique_common>
            </bind_material>
          </instance_geometry>
        </node>
      </node>
      <node id="nodesQ117S" name="nodes[117]" type="NODE">
        <matrix sid="matrix">0.393700778 0 0 -1.37156284 0 0.393700778 -6.41420002e-08 0 0 6.41420002e-08 0.393700778 -0.0251550544 0 0 0 1</matrix>
        <node id="polySurface13" name="polySurface13" type="NODE">
          <matrix sid="matrix">0.0253999997 0 0 0 0 0.0253999997 0 0 0 0 0.0253999997 0 0 0 0 1</matrix>
          <instance_geometry url="#meshesQ58S">
            <bind_material>
              <technique_common>
                <instance_material symbol="defaultMaterial" target="#phongE1">
                </instance_material>
              </technique_common>
            </bind_material>
          </instance_geometry>
        </node>
      </node>
    </visual_scene>
  </library_visual_scenes>
  <scene>
    <instance_visual_scene url="#nodesQ0S" />
  </scene>
</COLLADA>
